OTU,ienv.cp,zenv.cp,freq,maxgrp,IndVal,obsiv.prob,zscore,5%,10%,50%,90%,95%,purity,reliability,z.median,filter,z,variable,Phylum,Class,Order,Family,Genus,Species,Taxon,Taxon.Level,Trophic.Mode,Guild,Confidence.Ranking,Growth.Morphology,Trait,Notes,Citation.Source
OTU2417,0.022,0.022,5.000,1.000,39.020,0.004,7.070,0.021,0.022,0.025,0.028,0.028,0.998,0.956,8.446,1,z-,N,Glomeromycota,Glomeromycetes,Glomerales,Glomeraceae,NA,NA,Glomeraceae,9,Symbiotroph,Arbuscular Mycorrhizal,Highly Probable,NULL,NULL,NULL,"Redecker D, et al. 2013. Mycorrhiza 23:515-531"
OTU961,0.022,0.022,7.000,1.000,36.430,0.004,12.900,0.022,0.022,0.023,0.026,0.027,0.996,0.968,10.045,1,z-,N,Glomeromycota,Glomeromycetes,Glomerales,Claroideoglomeraceae,Claroideoglomus,Claroideoglomus etunicatum,Claroideoglomus,13,Symbiotroph,Arbuscular Mycorrhizal,Highly Probable,NULL,NULL,NULL,"Tedersoo L, et al. 2014. Science 346:1256688"
OTU419,0.026,0.026,13.000,1.000,18.130,0.004,7.290,0.023,0.024,0.026,0.033,0.034,1.000,1.000,7.098,1,z-,N,Glomeromycota,Glomeromycetes,Glomerales,Glomeraceae,NA,NA,Glomeraceae,9,Symbiotroph,Arbuscular Mycorrhizal,Highly Probable,NULL,NULL,NULL,"Redecker D, et al. 2013. Mycorrhiza 23:515-531"
OTU1359,0.025,0.027,7.000,1.000,10.630,0.004,6.700,0.023,0.025,0.026,0.028,0.034,0.998,0.974,7.870,1,z-,N,Glomeromycota,Glomeromycetes,Glomerales,Claroideoglomeraceae,Claroideoglomus,Claroideoglomus claroideum,Claroideoglomus,13,Symbiotroph,Arbuscular Mycorrhizal,Highly Probable,NULL,NULL,NULL,"Tedersoo L, et al. 2014. Science 346:1256688"
OTU574,0.028,0.028,39.000,2.000,22.790,0.008,4.250,0.028,0.028,0.035,0.048,0.055,0.998,0.996,5.046,2,z+,N,Glomeromycota,Glomeromycetes,Glomerales,Glomeraceae,Rhizophagus,NA,Rhizophagus,13,Symbiotroph,Arbuscular Mycorrhizal,Highly Probable,NULL,NULL,NULL,"Redecker D, et al. 2013. Mycorrhiza 23:515-531"
OTU857,0.032,0.032,23.000,1.000,23.520,0.004,8.880,0.030,0.031,0.033,0.034,0.034,1.000,1.000,9.633,1,z-,N,Glomeromycota,Glomeromycetes,Glomerales,Glomeraceae,Rhizophagus,Rhizophagus intraradices,Rhizophagus,13,Symbiotroph,Arbuscular Mycorrhizal,Highly Probable,NULL,NULL,NULL,"Redecker D, et al. 2013. Mycorrhiza 23:515-531"
OTU294,0.032,0.032,40.000,1.000,38.150,0.004,12.310,0.030,0.031,0.032,0.034,0.035,1.000,1.000,12.349,1,z-,N,Glomeromycota,Glomeromycetes,Glomerales,Glomeraceae,Glomus,Glomus cubense,Glomeraceae,9,Symbiotroph,Arbuscular Mycorrhizal,Highly Probable,NULL,NULL,NULL,"Redecker D, et al. 2013. Mycorrhiza 23:515-531"
OTU340,0.074,0.039,20.000,2.000,14.190,0.008,4.570,0.033,0.033,0.041,0.074,0.075,0.998,0.980,5.677,2,z+,N,Glomeromycota,Glomeromycetes,Glomerales,Claroideoglomeraceae,Claroideoglomus,Claroideoglomus etunicatum,Claroideoglomus,13,Symbiotroph,Arbuscular Mycorrhizal,Highly Probable,NULL,NULL,NULL,"Tedersoo L, et al. 2014. Science 346:1256688"
OTU991,0.046,0.045,23.000,2.000,19.390,0.004,7.630,0.030,0.039,0.045,0.046,0.047,0.970,0.996,7.224,2,z+,N,Glomeromycota,Glomeromycetes,Glomerales,Glomeraceae,Glomus,NA,Glomeraceae,9,Symbiotroph,Arbuscular Mycorrhizal,Highly Probable,NULL,NULL,NULL,"Redecker D, et al. 2013. Mycorrhiza 23:515-531"
OTU1078,0.046,0.045,22.000,2.000,22.730,0.004,10.030,0.040,0.042,0.045,0.046,0.046,0.986,1.000,9.269,2,z+,N,Glomeromycota,Glomeromycetes,Glomerales,Glomeraceae,Glomus,NA,Glomeraceae,9,Symbiotroph,Arbuscular Mycorrhizal,Highly Probable,NULL,NULL,NULL,"Redecker D, et al. 2013. Mycorrhiza 23:515-531"
OTU821,0.022,0.046,19.000,1.000,12.670,0.008,3.380,0.022,0.022,0.041,0.047,0.047,0.984,0.976,3.884,1,z-,N,Glomeromycota,Glomeromycetes,Glomerales,Glomeraceae,Rhizophagus,NA,Rhizophagus,13,Symbiotroph,Arbuscular Mycorrhizal,Highly Probable,NULL,NULL,NULL,"Redecker D, et al. 2013. Mycorrhiza 23:515-531"
OTU793,0.047,0.047,8.000,2.000,13.060,0.004,6.900,0.046,0.046,0.047,0.053,0.054,1.000,0.996,7.616,2,z+,N,Glomeromycota,Glomeromycetes,Glomerales,Claroideoglomeraceae,Claroideoglomus,Claroideoglomus luteum,Claroideoglomus,13,Symbiotroph,Arbuscular Mycorrhizal,Highly Probable,NULL,NULL,NULL,"Tedersoo L, et al. 2014. Science 346:1256688"
OTU877,0.053,0.053,4.000,2.000,10.810,0.004,8.410,0.049,0.050,0.053,0.054,0.067,0.992,0.962,8.213,2,z+,N,Glomeromycota,Glomeromycetes,Glomerales,Glomeraceae,Glomus,NA,Glomeraceae,9,Symbiotroph,Arbuscular Mycorrhizal,Highly Probable,NULL,NULL,NULL,"Redecker D, et al. 2013. Mycorrhiza 23:515-531"
OTU1418,0.076,0.056,10.000,2.000,19.080,0.004,7.360,0.055,0.055,0.063,0.071,0.076,0.982,0.964,9.357,2,z+,N,Glomeromycota,Glomeromycetes,Glomerales,Glomeraceae,NA,NA,Glomeraceae,9,Symbiotroph,Arbuscular Mycorrhizal,Highly Probable,NULL,NULL,NULL,"Redecker D, et al. 2013. Mycorrhiza 23:515-531"
OTU751,0.068,0.058,17.000,2.000,30.060,0.004,9.200,0.055,0.055,0.059,0.068,0.070,0.970,0.998,10.186,2,z+,N,Glomeromycota,Glomeromycetes,Glomerales,Glomeraceae,NA,NA,Glomeraceae,9,Symbiotroph,Arbuscular Mycorrhizal,Highly Probable,NULL,NULL,NULL,"Redecker D, et al. 2013. Mycorrhiza 23:515-531"
OTU1192,0.068,0.060,12.000,2.000,25.390,0.004,7.910,0.055,0.055,0.064,0.070,0.076,0.986,0.984,10.192,2,z+,N,Glomeromycota,Glomeromycetes,Glomerales,Glomeraceae,NA,NA,Glomeraceae,9,Symbiotroph,Arbuscular Mycorrhizal,Highly Probable,NULL,NULL,NULL,"Redecker D, et al. 2013. Mycorrhiza 23:515-531"
OTU422,0.24912867,0.24912867,14,1,10.61,0.012,3.04,0.057501155,0.066237883,0.178177186,0.251084967,0.256618211,1,0.99,4.263864776,1,z-,NP,Glomeromycota,Glomeromycetes,Glomerales,Glomeraceae,Rhizophagus,NA,Rhizophagus,13,Symbiotroph,Arbuscular Mycorrhizal,Highly Probable,NULL,NULL,NULL,"Redecker D, et al. 2013. Mycorrhiza 23:515-531"
OTU817,0.197686347,0.212293187,11,1,9.17,0.008,3.16,0.140941575,0.143959655,0.197686347,0.212905094,0.216410093,0.988,0.964,3.680645223,1,z-,NP,Glomeromycota,Glomeromycetes,Glomerales,Claroideoglomeraceae,Claroideoglomus,NA,Claroideoglomus,13,Symbiotroph,Arbuscular Mycorrhizal,Highly Probable,NULL,NULL,NULL,"Tedersoo L, et al. 2014. Science 346:1256688"
OTU2212,0.040931197,0.106707685,14,1,13.31,0.004,5.15,0.040931197,0.041285937,0.1023258,0.143329268,0.147033979,0.998,0.978,6.977200684,1,z-,NP,Glomeromycota,Glomeromycetes,Diversisporales,Diversisporaceae,Diversispora,NA,Diversispora,13,Symbiotroph,Arbuscular Mycorrhizal,Highly Probable,NULL,NULL,NULL,"Redecker D, et al. 2013. Mycorrhiza 23:515-531"
OTU1455,0.250989561,0.250758553,6,2,8.33,0.004,5.41,0.235532808,0.238216768,0.250989561,0.307997042,0.321675691,0.998,0.954,5.753950508,2,z+,NP,Glomeromycota,Glomeromycetes,Glomerales,Glomeraceae,Glomus,NA,Glomeraceae,9,Symbiotroph,Arbuscular Mycorrhizal,Highly Probable,NULL,NULL,NULL,"Redecker D, et al. 2013. Mycorrhiza 23:515-531"
OTU1067,0.055624952,0.071262502,11,1,13.67,0.004,5.49,0.054224426,0.054227467,0.059765282,0.139573904,0.143296089,0.982,0.95,6.375886284,1,z-,NP,Glomeromycota,Glomeromycetes,Glomerales,Glomeraceae,NA,NA,Glomeraceae,9,Symbiotroph,Arbuscular Mycorrhizal,Highly Probable,NULL,NULL,NULL,"Redecker D, et al. 2013. Mycorrhiza 23:515-531"
OTU644,0.250989561,0.267052454,25,2,19.94,0.004,5.72,0.14018073,0.143296089,0.235244979,0.318581237,0.389289764,0.994,0.996,6.543624487,2,z+,NP,Glomeromycota,Glomeromycetes,Glomerales,Glomeraceae,NA,NA,Glomeraceae,9,Symbiotroph,Arbuscular Mycorrhizal,Highly Probable,NULL,NULL,NULL,"Redecker D, et al. 2013. Mycorrhiza 23:515-531"
OTU857,0.2331203,0.2331203,23,1,18.25,0.004,6.26,0.187073904,0.197686347,0.233622378,0.243297195,0.24913545,1,1,6.355464175,1,z-,NP,Glomeromycota,Glomeromycetes,Glomerales,Glomeraceae,Rhizophagus,Rhizophagus intraradices,Rhizophagus,13,Symbiotroph,Arbuscular Mycorrhizal,Highly Probable,NULL,NULL,NULL,"Redecker D, et al. 2013. Mycorrhiza 23:515-531"
OTU821,0.059490886,0.071262502,19,1,19.97,0.004,6.27,0.050674306,0.054227467,0.071262502,0.075844722,0.143641446,0.984,0.98,6.529913918,1,z-,NP,Glomeromycota,Glomeromycetes,Glomerales,Glomeraceae,Rhizophagus,NA,Rhizophagus,13,Symbiotroph,Arbuscular Mycorrhizal,Highly Probable,NULL,NULL,NULL,"Redecker D, et al. 2013. Mycorrhiza 23:515-531"
OTU1528,0.264288942,0.214633695,37,2,24.39,0.004,6.5,0.189891255,0.194771854,0.239317638,0.270585399,0.277317851,0.996,0.994,7.014059172,2,z+,NP,Glomeromycota,Glomeromycetes,Gigasporales,Gigasporaceae,Cetraspora,NA,Cetraspora,13,Symbiotroph,Arbuscular Mycorrhizal,Highly Probable,NULL,NULL,NULL,"Tedersoo L, et al. 2014. Science 346:1256688"
OTU425,0.20450572,0.225598367,32,1,23.22,0.004,6.78,0.166041362,0.168189552,0.193391814,0.212905094,0.214633695,0.998,1,6.895328748,1,z-,NP,Glomeromycota,Glomeromycetes,Glomerales,Glomeraceae,Rhizophagus,NA,Rhizophagus,13,Symbiotroph,Arbuscular Mycorrhizal,Highly Probable,NULL,NULL,NULL,"Redecker D, et al. 2013. Mycorrhiza 23:515-531"
OTU1051,0.968832499,0.669281719,6,2,14.49,0.004,6.98,0.273030303,0.285859301,0.577929395,0.968832499,1.168293035,0.998,0.982,8.301304967,2,z+,NP,Glomeromycota,Glomeromycetes,Glomerales,Glomeraceae,Rhizophagus,Rhizophagus irregularis,Rhizophagus,13,Symbiotroph,Arbuscular Mycorrhizal,Highly Probable,NULL,NULL,NULL,"Redecker D, et al. 2013. Mycorrhiza 23:515-531"
OTU447,0.040931197,0.040931197,47,1,72.96,0.004,7.58,0.038679303,0.039459777,0.250622951,0.277081523,0.285859301,1,1,7.644307385,1,z-,NP,Glomeromycota,Glomeromycetes,Glomerales,Glomeraceae,NA,NA,Glomeraceae,9,Symbiotroph,Arbuscular Mycorrhizal,Highly Probable,NULL,NULL,NULL,"Redecker D, et al. 2013. Mycorrhiza 23:515-531"
OTU2905,1.705169357,0.968832499,8,2,20.88,0.004,7.82,0.303515596,0.307418398,0.848527174,1.272909668,1.553539063,1,0.986,9.015365713,2,z+,NP,Glomeromycota,Glomeromycetes,Glomerales,Glomeraceae,Rhizophagus,Rhizophagus irregularis,Rhizophagus,13,Symbiotroph,Arbuscular Mycorrhizal,Highly Probable,NULL,NULL,NULL,"Redecker D, et al. 2013. Mycorrhiza 23:515-531"
OTU848,1.705169357,1.272909668,6,2,21.89,0.004,8.01,0.337233847,0.348367649,0.525002925,1.272909668,1.553539063,1,0.98,10.12820559,2,z+,NP,Glomeromycota,Archaeosporomycetes,Archaeosporales,Archaeosporaceae,Archaeospora,NA,Archaeospora,13,Symbiotroph,Arbuscular Mycorrhizal,Highly Probable,NULL,NULL,NULL,"Redecker D, et al. 2013. Mycorrhiza 23:515-531"
OTU2176,1.705169357,1.705169357,8,2,34.04,0.004,8.02,0.167279229,0.168355906,0.968832499,1.705169357,1.757167393,1,0.976,8.171512403,2,z+,NP,Glomeromycota,Glomeromycetes,Glomerales,Glomeraceae,Rhizophagus,Rhizophagus irregularis,Rhizophagus,13,Symbiotroph,Arbuscular Mycorrhizal,Highly Probable,NULL,NULL,NULL,"Redecker D, et al. 2013. Mycorrhiza 23:515-531"
OTU1237,1.705169357,1.272909668,10,2,28.17,0.004,8.1,0.303134282,0.346641529,1.088174416,1.665345714,1.705169357,0.976,0.988,8.985191533,2,z+,NP,Glomeromycota,Glomeromycetes,Diversisporales,Diversisporaceae,Diversispora,NA,Diversispora,13,Symbiotroph,Arbuscular Mycorrhizal,Highly Probable,NULL,NULL,NULL,"Redecker D, et al. 2013. Mycorrhiza 23:515-531"
OTU294,0.2331203,0.216410093,40,1,29.26,0.004,8.21,0.072759684,0.172186481,0.233622378,0.250894155,0.253690358,1,1,8.493914336,1,z-,NP,Glomeromycota,Glomeromycetes,Glomerales,Glomeraceae,Glomus,Glomus cubense,Glomeraceae,9,Symbiotroph,Arbuscular Mycorrhizal,Highly Probable,NULL,NULL,NULL,"Redecker D, et al. 2013. Mycorrhiza 23:515-531"
OTU1487,1.705169357,0.292775178,9,2,14.29,0.004,8.32,0.29049461,0.297525727,0.642876575,1.558397567,1.663572276,1,1,10.59166778,2,z+,NP,Glomeromycota,Glomeromycetes,Glomerales,Glomeraceae,Rhizophagus,NA,Rhizophagus,13,Symbiotroph,Arbuscular Mycorrhizal,Highly Probable,NULL,NULL,NULL,"Redecker D, et al. 2013. Mycorrhiza 23:515-531"
OTU1908,0.055624952,0.074698755,5,1,11.63,0.004,8.39,0.054634341,0.055624952,0.060702462,0.078394521,0.080517419,0.994,0.96,8.89027015,1,z-,NP,Glomeromycota,Glomeromycetes,Glomerales,Claroideoglomeraceae,Claroideoglomus,NA,Claroideoglomus,13,Symbiotroph,Arbuscular Mycorrhizal,Highly Probable,NULL,NULL,NULL,"Tedersoo L, et al. 2014. Science 346:1256688"
OTU1786,1.705169357,0.608805397,12,2,23.45,0.004,8.67,0.290585859,0.301866051,0.669281719,1.551578947,1.634959786,0.992,1,10.41941842,2,z+,NP,Glomeromycota,Glomeromycetes,Glomerales,Glomeraceae,NA,NA,Glomeraceae,9,Symbiotroph,Arbuscular Mycorrhizal,Highly Probable,NULL,NULL,NULL,"Redecker D, et al. 2013. Mycorrhiza 23:515-531"
OTU793,1.705169357,0.608805397,8,2,18.22,0.004,8.74,0.23686758,0.297281246,0.666025478,1.553445724,1.663572276,1,0.988,9.350433099,2,z+,NP,Glomeromycota,Glomeromycetes,Glomerales,Claroideoglomeraceae,Claroideoglomus,Claroideoglomus luteum,Claroideoglomus,13,Symbiotroph,Arbuscular Mycorrhizal,Highly Probable,NULL,NULL,NULL,"Tedersoo L, et al. 2014. Science 346:1256688"
OTU714,1.705169357,1.272909668,8,2,28.52,0.004,8.91,0.325894173,0.567571669,1.168293035,1.665345714,1.705169357,0.982,0.976,9.990250279,2,z+,NP,Glomeromycota,Glomeromycetes,Glomerales,Claroideoglomeraceae,Claroideoglomus,Claroideoglomus claroideum,Claroideoglomus,13,Symbiotroph,Arbuscular Mycorrhizal,Highly Probable,NULL,NULL,NULL,"Tedersoo L, et al. 2014. Science 346:1256688"
OTU2987,0.040931197,0.055030914,5,1,15.64,0.004,8.99,0.0412682,0.043459171,0.055115737,0.073738496,0.076253363,0.994,0.976,10.18088189,1,z-,NP,Glomeromycota,Glomeromycetes,Glomerales,Glomeraceae,NA,NA,Glomeraceae,9,Symbiotroph,Arbuscular Mycorrhizal,Highly Probable,NULL,NULL,NULL,"Redecker D, et al. 2013. Mycorrhiza 23:515-531"
OTU2107,0.040931197,0.040931197,6,1,59.43,0.004,9.89,0.040931197,0.040931197,0.046870829,0.091789793,0.092857249,1,0.986,11.08754695,1,z-,NP,Glomeromycota,Glomeromycetes,Glomerales,Glomeraceae,NA,NA,Glomeraceae,9,Symbiotroph,Arbuscular Mycorrhizal,Highly Probable,NULL,NULL,NULL,"Redecker D, et al. 2013. Mycorrhiza 23:515-531"
OTU1359,0.057870358,0.077926596,7,1,15.22,0.004,9.92,0.055624952,0.05753813,0.061353434,0.077335776,0.078258923,1,0.99,11.12786217,1,z-,NP,Glomeromycota,Glomeromycetes,Glomerales,Claroideoglomeraceae,Claroideoglomus,Claroideoglomus claroideum,Claroideoglomus,13,Symbiotroph,Arbuscular Mycorrhizal,Highly Probable,NULL,NULL,NULL,"Tedersoo L, et al. 2014. Science 346:1256688"
OTU2938,1.553445724,1.272909668,7,2,29.28,0.004,10.46,0.397923841,0.418370354,0.896074106,1.553445724,1.593269367,0.998,0.998,12.87518884,2,z+,NP,Glomeromycota,Glomeromycetes,Glomerales,Glomeraceae,NA,NA,Glomeraceae,9,Symbiotroph,Arbuscular Mycorrhizal,Highly Probable,NULL,NULL,NULL,"Redecker D, et al. 2013. Mycorrhiza 23:515-531"
OTU1084,1.705169357,0.639620334,10,2,25.53,0.004,11.57,0.307418398,0.329376769,0.61321519,1.551578947,1.656821387,1,1,12.69679507,2,z+,NP,Glomeromycota,Glomeromycetes,Glomerales,Glomeraceae,Glomus,NA,Glomeraceae,9,Symbiotroph,Arbuscular Mycorrhizal,Highly Probable,NULL,NULL,NULL,"Redecker D, et al. 2013. Mycorrhiza 23:515-531"
OTU2417,0.040931197,0.055030914,5,1,20,0.004,13.78,0.040931197,0.041285937,0.053898682,0.058996972,0.061083467,0.994,0.988,13.36068689,1,z-,NP,Glomeromycota,Glomeromycetes,Glomerales,Glomeraceae,NA,NA,Glomeraceae,9,Symbiotroph,Arbuscular Mycorrhizal,Highly Probable,NULL,NULL,NULL,"Redecker D, et al. 2013. Mycorrhiza 23:515-531"
OTU222,2.102308709,0.968832499,26,2,71.89,0.004,16.92,0.475834738,0.517110954,0.900677201,1.454476378,2.102308709,1,1,18.64171828,2,z+,NP,Glomeromycota,Glomeromycetes,Diversisporales,Acaulosporaceae,Acaulospora,Acaulospora mellea,Acaulospora,13,Symbiotroph,Arbuscular Mycorrhizal,Highly Probable,NULL,NULL,NULL,"Redecker D, et al. 2013. Mycorrhiza 23:515-531"
OTU299,2.102308709,0.968832499,22,2,72.03,0.004,19.48,0.603802238,0.668956095,0.918113248,1.454476378,2.061367838,1,1,20.45306317,2,z+,NP,Glomeromycota,Glomeromycetes,Diversisporales,Acaulosporaceae,Acaulospora,Acaulospora mellea,Acaulospora,13,Symbiotroph,Arbuscular Mycorrhizal,Highly Probable,NULL,NULL,NULL,"Redecker D, et al. 2013. Mycorrhiza 23:515-531"
OTU817,0.49575,0.49575,11,1,9.91,0.004,3.73,0.314,0.3215,0.4905,0.50075,0.5043875,1,0.986,4.555551366,1,z-,TOC,Glomeromycota,Glomeromycetes,Glomerales,Claroideoglomeraceae,Claroideoglomus,NA,Claroideoglomus,13,Symbiotroph,Arbuscular Mycorrhizal,Highly Probable,NULL,NULL,NULL,"Tedersoo L, et al. 2014. Science 346:1256688"
OTU789,0.518,0.518,9,2,9.47,0.008,4.21,0.4545,0.504225,0.5175,0.5285,0.5520375,1,0.96,4.410792733,2,z+,TOC,Glomeromycota,Glomeromycetes,Glomerales,Glomeraceae,Glomus,NA,Glomeraceae,9,Symbiotroph,Arbuscular Mycorrhizal,Highly Probable,NULL,NULL,NULL,"Redecker D, et al. 2013. Mycorrhiza 23:515-531"
OTU821,0.446,0.451,19,1,15.09,0.004,5.57,0.422,0.4285,0.45,0.4905,0.492,0.998,0.994,6.042289226,1,z-,TOC,Glomeromycota,Glomeromycetes,Glomerales,Glomeraceae,Rhizophagus,NA,Rhizophagus,13,Symbiotroph,Arbuscular Mycorrhizal,Highly Probable,NULL,NULL,NULL,"Redecker D, et al. 2013. Mycorrhiza 23:515-531"
OTU708,0.67325,0.666871919,15,2,20.39,0.004,6.39,0.58936058,0.603146517,0.668,0.691,0.704,0.952,0.984,7.108176934,2,z+,TOC,Glomeromycota,Glomeromycetes,Glomerales,Glomeraceae,Glomus,NA,Glomeraceae,9,Symbiotroph,Arbuscular Mycorrhizal,Highly Probable,NULL,NULL,NULL,"Redecker D, et al. 2013. Mycorrhiza 23:515-531"
OTU2212,0.3215,0.3445,14,1,27.93,0.004,6.85,0.3175,0.32695,0.373,0.41625,0.469,0.998,0.996,8.308220898,1,z-,TOC,Glomeromycota,Glomeromycetes,Diversisporales,Diversisporaceae,Diversispora,NA,Diversispora,13,Symbiotroph,Arbuscular Mycorrhizal,Highly Probable,NULL,NULL,NULL,"Redecker D, et al. 2013. Mycorrhiza 23:515-531"
OTU2176,0.67325,0.636553115,8,2,18.41,0.004,7.63,0.612287797,0.622257889,0.648523476,0.70155,0.704,0.992,0.974,9.52259936,2,z+,TOC,Glomeromycota,Glomeromycetes,Glomerales,Glomeraceae,Rhizophagus,Rhizophagus irregularis,Rhizophagus,13,Symbiotroph,Arbuscular Mycorrhizal,Highly Probable,NULL,NULL,NULL,"Redecker D, et al. 2013. Mycorrhiza 23:515-531"
OTU1153,0.67325,0.666871919,9,2,17.68,0.004,7.71,0.52585,0.602,0.6675,0.704,0.7815,0.952,0.986,8.705150712,2,z+,TOC,Glomeromycota,Glomeromycetes,Glomerales,Glomeraceae,Glomus,NA,Glomeraceae,9,Symbiotroph,Arbuscular Mycorrhizal,Highly Probable,NULL,NULL,NULL,"Redecker D, et al. 2013. Mycorrhiza 23:515-531"
OTU1405,0.665210594,0.656941275,15,2,25.73,0.004,7.98,0.5685,0.626900284,0.658474519,0.719,0.8472,0.996,0.98,8.957010607,2,z+,TOC,Glomeromycota,Paraglomeromycetes,Paraglomerales,Paraglomeraceae,Paraglomus,NA,Paraglomeraceae,9,Symbiotroph,Arbuscular Mycorrhizal,Highly Probable,NULL,NULL,NULL,"Redecker D, et al. 2013. Mycorrhiza 23:515-531"
OTU1954,0.8896,0.67325,5,2,15.44,0.004,8.53,0.5265,0.593843219,0.715964045,0.8442,0.8896,0.992,0.96,10.11376526,2,z+,TOC,Glomeromycota,Glomeromycetes,Glomerales,Glomeraceae,Glomus,NA,Glomeraceae,9,Symbiotroph,Arbuscular Mycorrhizal,Highly Probable,NULL,NULL,NULL,"Redecker D, et al. 2013. Mycorrhiza 23:515-531"
OTU898,0.719,0.666871919,5,2,15.39,0.004,9.84,0.528,0.60243,0.667,0.74303382,0.779723476,0.998,0.952,9.507539955,2,z+,TOC,Glomeromycota,Glomeromycetes,Glomerales,Glomeraceae,Glomus,NA,Glomeraceae,9,Symbiotroph,Arbuscular Mycorrhizal,Highly Probable,NULL,NULL,NULL,"Redecker D, et al. 2013. Mycorrhiza 23:515-531"
OTU1487,0.6675,0.6675,9,2,22.6,0.004,10.11,0.59976875,0.617697079,0.636553115,0.67275,0.703525,0.968,0.996,10.78727034,2,z+,TOC,Glomeromycota,Glomeromycetes,Glomerales,Glomeraceae,Rhizophagus,NA,Rhizophagus,13,Symbiotroph,Arbuscular Mycorrhizal,Highly Probable,NULL,NULL,NULL,"Redecker D, et al. 2013. Mycorrhiza 23:515-531"
OTU419,0.323,0.3265,13,1,42.67,0.004,11.01,0.321,0.323,0.3295,0.4165,0.467,0.994,0.972,11.58882247,1,z-,TOC,Glomeromycota,Glomeromycetes,Glomerales,Glomeraceae,NA,NA,Glomeraceae,9,Symbiotroph,Arbuscular Mycorrhizal,Highly Probable,NULL,NULL,NULL,"Redecker D, et al. 2013. Mycorrhiza 23:515-531"
OTU793,0.636553115,0.6675,8,2,23.9,0.004,11.57,0.612287797,0.61684854,0.636553115,0.6675,0.67275,1,0.994,12.55568004,2,z+,TOC,Glomeromycota,Glomeromycetes,Glomerales,Claroideoglomeraceae,Claroideoglomus,Claroideoglomus luteum,Claroideoglomus,13,Symbiotroph,Arbuscular Mycorrhizal,Highly Probable,NULL,NULL,NULL,"Tedersoo L, et al. 2014. Science 346:1256688"
OTU1418,0.79155,0.717482023,10,2,32.97,0.004,11.65,0.596864378,0.5988,0.7444,0.8106,0.8241,1,0.996,12.56522962,2,z+,TOC,Glomeromycota,Glomeromycetes,Glomerales,Glomeraceae,NA,NA,Glomeraceae,9,Symbiotroph,Arbuscular Mycorrhizal,Highly Probable,NULL,NULL,NULL,"Redecker D, et al. 2013. Mycorrhiza 23:515-531"
OTU1084,0.6675,0.6675,10,2,27.79,0.004,12.28,0.629,0.6415,0.666871919,0.681,0.691,0.978,0.994,11.12794201,2,z+,TOC,Glomeromycota,Glomeromycetes,Glomerales,Glomeraceae,Glomus,NA,Glomeraceae,9,Symbiotroph,Arbuscular Mycorrhizal,Highly Probable,NULL,NULL,NULL,"Redecker D, et al. 2013. Mycorrhiza 23:515-531"
OTU751,0.8306,0.717482023,17,2,45.31,0.004,13.21,0.599175,0.628,0.749361738,0.82,0.8306,1,1,14.03127374,2,z+,TOC,Glomeromycota,Glomeromycetes,Glomerales,Glomeraceae,NA,NA,Glomeraceae,9,Symbiotroph,Arbuscular Mycorrhizal,Highly Probable,NULL,NULL,NULL,"Redecker D, et al. 2013. Mycorrhiza 23:515-531"
OTU1192,0.9349,0.717482023,12,2,39.4,0.004,14.7,0.5824,0.623263686,0.7444,0.8412,0.8442,0.998,0.998,14.28571807,2,z+,TOC,Glomeromycota,Glomeromycetes,Glomerales,Glomeraceae,NA,NA,Glomeraceae,9,Symbiotroph,Arbuscular Mycorrhizal,Highly Probable,NULL,NULL,NULL,"Redecker D, et al. 2013. Mycorrhiza 23:515-531"
OTU222,5.07,5.245,26,1,82.11,0.004,21.34,5.165,5.2,5.435,6.8,6.8355,1,1,20.2293472,1,z-,pH,Glomeromycota,Glomeromycetes,Diversisporales,Acaulosporaceae,Acaulospora,Acaulospora mellea,Acaulospora,13,Symbiotroph,Arbuscular Mycorrhizal,Highly Probable,NULL,NULL,NULL,"Redecker D, et al. 2013. Mycorrhiza 23:515-531"
OTU299,5.07,5.245,22,1,82.22,0.004,24.79,5.16975,5.2,5.415,5.943,6.03725,1,1,22.31578275,1,z-,pH,Glomeromycota,Glomeromycetes,Diversisporales,Acaulosporaceae,Acaulospora,Acaulospora mellea,Acaulospora,13,Symbiotroph,Arbuscular Mycorrhizal,Highly Probable,NULL,NULL,NULL,"Redecker D, et al. 2013. Mycorrhiza 23:515-531"
OTU2938,5.22,5.295,7,1,26.75,0.004,11.13,5.14,5.2,5.27,6.565,6.701,0.994,0.984,12.06532538,1,z-,pH,Glomeromycota,Glomeromycetes,Glomerales,Glomeraceae,NA,NA,Glomeraceae,9,Symbiotroph,Arbuscular Mycorrhizal,Highly Probable,NULL,NULL,NULL,"Redecker D, et al. 2013. Mycorrhiza 23:515-531"
OTU776,6.195,6.92,37,2,19.86,0.02,3.13,6.115,6.195,7.03,8.23,8.23,0.99,0.974,3.819751744,2,z+,pH,Glomeromycota,Glomeromycetes,Glomerales,Glomeraceae,Rhizophagus,NA,Rhizophagus,13,Symbiotroph,Arbuscular Mycorrhizal,Highly Probable,NULL,NULL,NULL,"Redecker D, et al. 2013. Mycorrhiza 23:515-531"
OTU1455,7.165,7.165,6,1,10.53,0.004,6.65,6.9,6.96,7.165,7.22,7.245,0.998,0.976,7.067696075,1,z-,pH,Glomeromycota,Glomeromycetes,Glomerales,Glomeraceae,Glomus,NA,Glomeraceae,9,Symbiotroph,Arbuscular Mycorrhizal,Highly Probable,NULL,NULL,NULL,"Redecker D, et al. 2013. Mycorrhiza 23:515-531"
OTU991,7.175,7.175,23,2,14.28,0.016,3.31,7.145,7.165,7.4925,7.865,7.915,0.996,0.976,4.438516308,2,z+,pH,Glomeromycota,Glomeromycetes,Glomerales,Glomeraceae,Glomus,NA,Glomeraceae,9,Symbiotroph,Arbuscular Mycorrhizal,Highly Probable,NULL,NULL,NULL,"Redecker D, et al. 2013. Mycorrhiza 23:515-531"
OTU789,7.165,7.26,9,1,11.87,0.004,5.64,4.92,5.14,7.26,7.44,7.455,1,0.992,6.801173942,1,z-,pH,Glomeromycota,Glomeromycetes,Glomerales,Glomeraceae,Glomus,NA,Glomeraceae,9,Symbiotroph,Arbuscular Mycorrhizal,Highly Probable,NULL,NULL,NULL,"Redecker D, et al. 2013. Mycorrhiza 23:515-531"
OTU2158,7.26,7.265,6,1,8.82,0.004,5.87,7.165,7.205,7.265,7.32,7.335,1,0.97,6.040726384,1,z-,pH,Glomeromycota,Glomeromycetes,Diversisporales,Diversisporaceae,Diversispora,NA,Diversispora,13,Symbiotroph,Arbuscular Mycorrhizal,Highly Probable,NULL,NULL,NULL,"Redecker D, et al. 2013. Mycorrhiza 23:515-531"
OTU793,7.59,7.645,8,1,7.55,0.004,4.09,7.32,7.325,7.5475,7.64,7.65,0.998,0.954,4.435013807,1,z-,pH,Glomeromycota,Glomeromycetes,Glomerales,Claroideoglomeraceae,Claroideoglomus,Claroideoglomus luteum,Claroideoglomus,13,Symbiotroph,Arbuscular Mycorrhizal,Highly Probable,NULL,NULL,NULL,"Tedersoo L, et al. 2014. Science 346:1256688"
OTU1487,7.59,7.655,9,1,8.33,0.004,4.64,7.51,7.51,7.595,7.64,7.65,1,0.962,4.688918148,1,z-,pH,Glomeromycota,Glomeromycetes,Glomerales,Glomeraceae,Rhizophagus,NA,Rhizophagus,13,Symbiotroph,Arbuscular Mycorrhizal,Highly Probable,NULL,NULL,NULL,"Redecker D, et al. 2013. Mycorrhiza 23:515-531"
OTU294,7.3,7.655,40,2,25.61,0.004,6.47,7.26,7.2845,7.5875,8.041,8.065,1,1,7.75969766,2,z+,pH,Glomeromycota,Glomeromycetes,Glomerales,Glomeraceae,Glomus,Glomus cubense,Glomeraceae,9,Symbiotroph,Arbuscular Mycorrhizal,Highly Probable,NULL,NULL,NULL,"Redecker D, et al. 2013. Mycorrhiza 23:515-531"
OTU857,7.885,7.66,23,2,17.8,0.004,6.12,7.335,7.51,7.66,8,8.055,1,1,7.444065458,2,z+,pH,Glomeromycota,Glomeromycetes,Glomerales,Glomeraceae,Rhizophagus,Rhizophagus intraradices,Rhizophagus,13,Symbiotroph,Arbuscular Mycorrhizal,Highly Probable,NULL,NULL,NULL,"Redecker D, et al. 2013. Mycorrhiza 23:515-531"
OTU1078,7.03,7.795,22,2,13.92,0.008,3.93,6.98975,7.03,7.5225,7.855,7.91,0.998,0.992,4.890211919,2,z+,pH,Glomeromycota,Glomeromycetes,Glomerales,Glomeraceae,Glomus,NA,Glomeraceae,9,Symbiotroph,Arbuscular Mycorrhizal,Highly Probable,NULL,NULL,NULL,"Redecker D, et al. 2013. Mycorrhiza 23:515-531"
OTU447,8.355,7.85,47,2,43.04,0.004,11.46,7.739,7.85,7.9575,8.17,8.17525,1,1,12.51088526,2,z+,pH,Glomeromycota,Glomeromycetes,Glomerales,Glomeraceae,NA,NA,Glomeraceae,9,Symbiotroph,Arbuscular Mycorrhizal,Highly Probable,NULL,NULL,NULL,"Redecker D, et al. 2013. Mycorrhiza 23:515-531"
OTU477,7.905,7.915,23,1,16.08,0.004,3.7,7.41,7.735,7.905,7.95,7.97,0.994,0.982,4.056120688,1,z-,pH,Glomeromycota,Glomeromycetes,Glomerales,Glomeraceae,NA,NA,Glomeraceae,9,Symbiotroph,Arbuscular Mycorrhizal,Highly Probable,NULL,NULL,NULL,"Redecker D, et al. 2013. Mycorrhiza 23:515-531"
OTU425,7.915,7.915,32,2,35.88,0.004,11.2,7.679,7.76,7.835,7.985,8.02,1,1,11.32544531,2,z+,pH,Glomeromycota,Glomeromycetes,Glomerales,Glomeraceae,Rhizophagus,NA,Rhizophagus,13,Symbiotroph,Arbuscular Mycorrhizal,Highly Probable,NULL,NULL,NULL,"Redecker D, et al. 2013. Mycorrhiza 23:515-531"
OTU1810,8.41,8.03,6,2,9.56,0.004,6.27,7.78,7.8,8.0375,8.27,8.365,0.998,0.966,6.848590162,2,z+,pH,Glomeromycota,Glomeromycetes,Diversisporales,Diversisporaceae,Diversispora,NA,Diversispora,13,Symbiotroph,Arbuscular Mycorrhizal,Highly Probable,NULL,NULL,NULL,"Redecker D, et al. 2013. Mycorrhiza 23:515-531"
OTU608,8.265,8.085,38,2,42.3,0.004,11.51,8.07,8.08,8.11,8.23,8.265,1,1,11.86598298,2,z+,pH,Glomeromycota,Glomeromycetes,Glomerales,Glomeraceae,Rhizophagus,NA,Rhizophagus,13,Symbiotroph,Arbuscular Mycorrhizal,Highly Probable,NULL,NULL,NULL,"Redecker D, et al. 2013. Mycorrhiza 23:515-531"
OTU687,8.255,8.09,45,2,39.38,0.004,8.58,8.03,8.055,8.09,8.175,8.25,1,0.998,9.306996907,2,z+,pH,Glomeromycota,Glomeromycetes,Glomerales,Glomeraceae,Rhizophagus,NA,Rhizophagus,13,Symbiotroph,Arbuscular Mycorrhizal,Highly Probable,NULL,NULL,NULL,"Redecker D, et al. 2013. Mycorrhiza 23:515-531"
OTU1037,8.265,8.11,16,2,23.42,0.004,7.92,7.6395,8.09,8.1275,8.265,8.27,1,0.998,8.493458243,2,z+,pH,Glomeromycota,Glomeromycetes,Glomerales,Glomeraceae,Rhizophagus,Rhizophagus custos,Rhizophagus,13,Symbiotroph,Arbuscular Mycorrhizal,Highly Probable,NULL,NULL,NULL,"Redecker D, et al. 2013. Mycorrhiza 23:515-531"
OTU555,8.255,8.11,80,2,54.21,0.004,8.23,8.085,8.09,8.125,8.22,8.25025,1,1,8.621059074,2,z+,pH,Glomeromycota,Glomeromycetes,Glomerales,Glomeraceae,Rhizophagus,NA,Rhizophagus,13,Symbiotroph,Arbuscular Mycorrhizal,Highly Probable,NULL,NULL,NULL,"Redecker D, et al. 2013. Mycorrhiza 23:515-531"
OTU2212,8.355,8.11,14,2,24.14,0.004,9.98,8.00475,8.035,8.11,8.335,8.355,1,0.998,10.402684,2,z+,pH,Glomeromycota,Glomeromycetes,Diversisporales,Diversisporaceae,Diversispora,NA,Diversispora,13,Symbiotroph,Arbuscular Mycorrhizal,Highly Probable,NULL,NULL,NULL,"Redecker D, et al. 2013. Mycorrhiza 23:515-531"
OTU2417,8.41,8.125,5,2,16.13,0.004,10.31,8.09,8.11,8.14,8.2955,8.365,0.996,0.98,11.19898032,2,z+,pH,Glomeromycota,Glomeromycetes,Glomerales,Glomeraceae,NA,NA,Glomeraceae,9,Symbiotroph,Arbuscular Mycorrhizal,Highly Probable,NULL,NULL,NULL,"Redecker D, et al. 2013. Mycorrhiza 23:515-531"
OTU1092,8.23,8.13,11,2,15.51,0.004,5.47,7.75,7.7745,8.075,8.23,8.24,0.998,0.986,6.959370807,2,z+,pH,Glomeromycota,Glomeromycetes,Glomerales,Glomeraceae,NA,NA,Glomeraceae,9,Symbiotroph,Arbuscular Mycorrhizal,Highly Probable,NULL,NULL,NULL,"Redecker D, et al. 2013. Mycorrhiza 23:515-531"
OTU730,8.13,8.13,47,2,38.4,0.004,6.03,7.825,8.085,8.125,8.155,8.2055,0.986,0.99,6.576223784,2,z+,pH,Glomeromycota,Glomeromycetes,Glomerales,Glomeraceae,Rhizophagus,NA,Rhizophagus,13,Symbiotroph,Arbuscular Mycorrhizal,Highly Probable,NULL,NULL,NULL,"Redecker D, et al. 2013. Mycorrhiza 23:515-531"
OTU2987,8.45,8.14,5,2,17.24,0.004,10.8,8.09,8.11,8.14,8.185,8.22,0.996,0.974,11.02363585,2,z+,pH,Glomeromycota,Glomeromycetes,Glomerales,Glomeraceae,NA,NA,Glomeraceae,9,Symbiotroph,Arbuscular Mycorrhizal,Highly Probable,NULL,NULL,NULL,"Redecker D, et al. 2013. Mycorrhiza 23:515-531"
OTU961,8.175,8.165,7,2,19.04,0.004,9.8,7.955,8.0795,8.1525,8.175,8.18,0.998,0.992,10.29587571,2,z+,pH,Glomeromycota,Glomeromycetes,Glomerales,Claroideoglomeraceae,Claroideoglomus,Claroideoglomus etunicatum,Claroideoglomus,13,Symbiotroph,Arbuscular Mycorrhizal,Highly Probable,NULL,NULL,NULL,"Tedersoo L, et al. 2014. Science 346:1256688"
OTU1387,8.45,8.19,9,2,22.88,0.004,9.21,7.91,7.955,8.175,8.281,8.421,1,1,11.62951387,2,z+,pH,Glomeromycota,Glomeromycetes,Glomerales,Glomeraceae,NA,NA,Glomeraceae,9,Symbiotroph,Arbuscular Mycorrhizal,Highly Probable,NULL,NULL,NULL,"Redecker D, et al. 2013. Mycorrhiza 23:515-531"
OTU1004,8.215,8.215,29,2,36.86,0.004,6.86,8.02925,8.13,8.2,8.215,8.22,0.982,0.98,7.608136712,2,z+,pH,Glomeromycota,Glomeromycetes,Glomerales,Glomeraceae,Rhizophagus,NA,Rhizophagus,13,Symbiotroph,Arbuscular Mycorrhizal,Highly Probable,NULL,NULL,NULL,"Redecker D, et al. 2013. Mycorrhiza 23:515-531"
OTU2107,8.41,8.22,6,2,22.63,0.004,11.96,8.11,8.11,8.185,8.38,8.41,0.994,0.982,13.34808418,2,z+,pH,Glomeromycota,Glomeromycetes,Glomerales,Glomeraceae,NA,NA,Glomeraceae,9,Symbiotroph,Arbuscular Mycorrhizal,Highly Probable,NULL,NULL,NULL,"Redecker D, et al. 2013. Mycorrhiza 23:515-531"
OTU708,8.41,8.355,15,2,54.55,0.004,12.23,8.24,8.255,8.29,8.41,8.42,0.996,0.978,11.74407401,2,z+,pH,Glomeromycota,Glomeromycetes,Glomerales,Glomeraceae,Glomus,NA,Glomeraceae,9,Symbiotroph,Arbuscular Mycorrhizal,Highly Probable,NULL,NULL,NULL,"Redecker D, et al. 2013. Mycorrhiza 23:515-531"
OTU447,71.94289629,13.88021089,47,2,24.59,0.02,3.46,9.397036148,9.55786736,13.88021089,61.07857351,70.48062016,0.996,0.998,4.63780672,2,z+,P,Glomeromycota,Glomeromycetes,Glomerales,Glomeraceae,NA,NA,Glomeraceae,9,Symbiotroph,Arbuscular Mycorrhizal,Highly Probable,NULL,NULL,NULL,"Redecker D, et al. 2013. Mycorrhiza 23:515-531"
OTU708,69.15488109,66.3257066,15,2,21.81,0.008,3.83,24.17576136,30.26078938,47.85714286,68.68653913,69.15488109,0.99,0.958,5.527278853,2,z+,P,Glomeromycota,Glomeromycetes,Glomerales,Glomeraceae,Glomus,NA,Glomeraceae,9,Symbiotroph,Arbuscular Mycorrhizal,Highly Probable,NULL,NULL,NULL,"Redecker D, et al. 2013. Mycorrhiza 23:515-531"
OTU425,53.91843845,14.8001514,32,2,22.22,0.004,4.57,13.88021089,14.24748979,16.05927898,53.91843845,58.10952898,0.998,1,5.382477713,2,z+,P,Glomeromycota,Glomeromycetes,Glomerales,Glomeraceae,Rhizophagus,NA,Rhizophagus,13,Symbiotroph,Arbuscular Mycorrhizal,Highly Probable,NULL,NULL,NULL,"Redecker D, et al. 2013. Mycorrhiza 23:515-531"
OTU422,31.99836022,31.99836022,14,2,12.32,0.004,4.67,15.62011175,15.95832221,31.89434411,38.06141395,42.42117487,1,0.972,4.970059687,2,z+,P,Glomeromycota,Glomeromycetes,Glomerales,Glomeraceae,Rhizophagus,NA,Rhizophagus,13,Symbiotroph,Arbuscular Mycorrhizal,Highly Probable,NULL,NULL,NULL,"Redecker D, et al. 2013. Mycorrhiza 23:515-531"
OTU294,12.01425182,11.86762326,40,2,25.16,0.008,4.73,11.24249682,11.542971,12.01425182,14.5092216,17.47818241,0.958,1,4.87922929,2,z+,P,Glomeromycota,Glomeromycetes,Glomerales,Glomeraceae,Glomus,Glomus cubense,Glomeraceae,9,Symbiotroph,Arbuscular Mycorrhizal,Highly Probable,NULL,NULL,NULL,"Redecker D, et al. 2013. Mycorrhiza 23:515-531"
OTU1485,69.15488109,39.8183797,7,2,7.63,0.004,4.81,29.53101016,30.23538961,42.07777604,65.77489784,67.82914201,0.998,0.966,5.662458516,2,z+,P,Glomeromycota,Glomeromycetes,Glomerales,Glomeraceae,NA,NA,Glomeraceae,9,Symbiotroph,Arbuscular Mycorrhizal,Highly Probable,NULL,NULL,NULL,"Redecker D, et al. 2013. Mycorrhiza 23:515-531"
OTU1359,34.7921591,33.50753945,7,2,7.95,0.004,4.85,31.59369163,32.88308299,34.7921591,42.07777604,43.88169918,1,0.958,5.412927186,2,z+,P,Glomeromycota,Glomeromycetes,Glomerales,Claroideoglomeraceae,Claroideoglomus,Claroideoglomus claroideum,Claroideoglomus,13,Symbiotroph,Arbuscular Mycorrhizal,Highly Probable,NULL,NULL,NULL,"Tedersoo L, et al. 2014. Science 346:1256688"
OTU1055,45.51511807,44.34114517,17,2,14.24,0.004,4.86,26.04588394,26.63481813,45.19509247,48.44229155,49.01204307,0.986,0.952,5.545096666,2,z+,P,Glomeromycota,Glomeromycetes,Diversisporales,Diversisporaceae,Diversispora,NA,Diversispora,13,Symbiotroph,Arbuscular Mycorrhizal,Highly Probable,NULL,NULL,NULL,"Redecker D, et al. 2013. Mycorrhiza 23:515-531"
OTU1153,66.3257066,45.80390062,9,2,10.72,0.008,5,23.58631691,24.17576136,46.12792104,66.3257066,66.50141075,1,0.974,6.203847318,2,z+,P,Glomeromycota,Glomeromycetes,Glomerales,Glomeraceae,Glomus,NA,Glomeraceae,9,Symbiotroph,Arbuscular Mycorrhizal,Highly Probable,NULL,NULL,NULL,"Redecker D, et al. 2013. Mycorrhiza 23:515-531"
OTU714,33.73063894,31.59369163,8,2,8.79,0.004,5.09,31.41563031,31.59369163,37.80351445,48.68048067,50.02983113,0.998,0.978,5.856976659,2,z+,P,Glomeromycota,Glomeromycetes,Glomerales,Claroideoglomeraceae,Claroideoglomus,Claroideoglomus claroideum,Claroideoglomus,13,Symbiotroph,Arbuscular Mycorrhizal,Highly Probable,NULL,NULL,NULL,"Tedersoo L, et al. 2014. Science 346:1256688"
OTU1307,66.3257066,30.00375475,9,2,9.18,0.004,5.39,28.77535019,29.52993724,39.65548038,66.3257066,70.55373397,1,0.988,5.958657833,2,z+,P,Glomeromycota,Glomeromycetes,Glomerales,Glomeraceae,Glomus,NA,Glomeraceae,9,Symbiotroph,Arbuscular Mycorrhizal,Highly Probable,NULL,NULL,NULL,"Redecker D, et al. 2013. Mycorrhiza 23:515-531"
OTU751,24.26969539,23.58631691,17,2,14,0.004,5.43,21.09823867,21.74367662,24.09024745,25.0680657,28.35037262,0.996,1,5.389923048,2,z+,P,Glomeromycota,Glomeromycetes,Glomerales,Glomeraceae,NA,NA,Glomeraceae,9,Symbiotroph,Arbuscular Mycorrhizal,Highly Probable,NULL,NULL,NULL,"Redecker D, et al. 2013. Mycorrhiza 23:515-531"
OTU644,17.21529295,17.41764376,25,1,20.31,0.004,6.03,11.79630178,11.88485571,17.74256993,21.92340864,23.07692308,0.998,0.998,7.05836083,1,z-,P,Glomeromycota,Glomeromycetes,Glomerales,Glomeraceae,NA,NA,Glomeraceae,9,Symbiotroph,Arbuscular Mycorrhizal,Highly Probable,NULL,NULL,NULL,"Redecker D, et al. 2013. Mycorrhiza 23:515-531"
OTU1237,32.88308299,31.41915627,10,2,10.87,0.004,6.25,30.63588674,31.02373615,32.90327607,48.32831325,59.5498739,1,0.994,6.423999424,2,z+,P,Glomeromycota,Glomeromycetes,Diversisporales,Diversisporaceae,Diversispora,NA,Diversispora,13,Symbiotroph,Arbuscular Mycorrhizal,Highly Probable,NULL,NULL,NULL,"Redecker D, et al. 2013. Mycorrhiza 23:515-531"
OTU1487,42.36203118,41.78891559,9,2,11.26,0.004,6.27,31.89434411,32.92346915,42.07317073,47.03675638,50.59348523,1,0.988,6.60561953,2,z+,P,Glomeromycota,Glomeromycetes,Glomerales,Glomeraceae,Rhizophagus,NA,Rhizophagus,13,Symbiotroph,Arbuscular Mycorrhizal,Highly Probable,NULL,NULL,NULL,"Redecker D, et al. 2013. Mycorrhiza 23:515-531"
OTU991,47.75718778,47.75718778,23,2,21.85,0.004,6.84,43.25759945,44.70914368,47.18884541,50.86506348,51.46825562,0.99,0.988,7.086803531,2,z+,P,Glomeromycota,Glomeromycetes,Glomerales,Glomeraceae,Glomus,NA,Glomeraceae,9,Symbiotroph,Arbuscular Mycorrhizal,Highly Probable,NULL,NULL,NULL,"Redecker D, et al. 2013. Mycorrhiza 23:515-531"
OTU1786,46.19652754,33.73063894,12,2,13.79,0.004,7.03,30.69139225,31.41915627,33.73063894,46.19652754,47.6572327,1,0.996,7.757107027,2,z+,P,Glomeromycota,Glomeromycetes,Glomerales,Glomeraceae,NA,NA,Glomeraceae,9,Symbiotroph,Arbuscular Mycorrhizal,Highly Probable,NULL,NULL,NULL,"Redecker D, et al. 2013. Mycorrhiza 23:515-531"
OTU1356,11.64967322,12.01425182,5,1,10.64,0.004,7.57,8.029110697,10.73953217,11.86762326,12.39422778,13.01406759,0.99,0.97,7.73383053,1,z-,P,Glomeromycota,Glomeromycetes,Glomerales,Glomeraceae,Glomus,NA,Glomeraceae,9,Symbiotroph,Arbuscular Mycorrhizal,Highly Probable,NULL,NULL,NULL,"Redecker D, et al. 2013. Mycorrhiza 23:515-531"
OTU1528,13.31675386,12.13742472,37,1,31.03,0.004,8.02,11.88399408,12.01425182,13.31675386,13.89040407,14.25361125,0.988,1,8.787835606,1,z-,P,Glomeromycota,Glomeromycetes,Gigasporales,Gigasporaceae,Cetraspora,NA,Cetraspora,13,Symbiotroph,Arbuscular Mycorrhizal,Highly Probable,NULL,NULL,NULL,"Tedersoo L, et al. 2014. Science 346:1256688"
OTU1455,11.64967322,12.01425182,6,1,12.77,0.004,8.28,7.978822853,8.293920111,11.86762326,12.1389271,13.10848401,1,0.986,8.799751267,1,z-,P,Glomeromycota,Glomeromycetes,Glomerales,Glomeraceae,Glomus,NA,Glomeraceae,9,Symbiotroph,Arbuscular Mycorrhizal,Highly Probable,NULL,NULL,NULL,"Redecker D, et al. 2013. Mycorrhiza 23:515-531"
OTU1078,51.03015727,43.41712786,22,2,22.73,0.004,8.41,42.71003532,42.9351179,46.19652754,51.27569999,52.78021686,0.998,0.998,9.597650506,2,z+,P,Glomeromycota,Glomeromycetes,Glomerales,Glomeraceae,Glomus,NA,Glomeraceae,9,Symbiotroph,Arbuscular Mycorrhizal,Highly Probable,NULL,NULL,NULL,"Redecker D, et al. 2013. Mycorrhiza 23:515-531"
OTU793,46.19652754,45.51511807,8,2,14.04,0.004,8.44,45.13484041,45.45486601,45.87250712,50.40277778,50.81968337,1,0.996,9.044980514,2,z+,P,Glomeromycota,Glomeromycetes,Glomerales,Claroideoglomeraceae,Claroideoglomus,Claroideoglomus luteum,Claroideoglomus,13,Symbiotroph,Arbuscular Mycorrhizal,Highly Probable,NULL,NULL,NULL,"Tedersoo L, et al. 2014. Science 346:1256688"
OTU2938,2.689607676,5.149184449,7,1,37.45,0.004,15.73,2.530348223,2.689607676,5.809627814,9.235338897,12.75884113,1,0.994,13.69254105,1,z-,P,Glomeromycota,Glomeromycetes,Glomerales,Glomeraceae,NA,NA,Glomeraceae,9,Symbiotroph,Arbuscular Mycorrhizal,Highly Probable,NULL,NULL,NULL,"Redecker D, et al. 2013. Mycorrhiza 23:515-531"
OTU222,5.149184449,5.582009933,26,1,99.76,0.004,25.81,2.689607676,3.18418944,5.582009933,6.987928026,7.770741796,1,1,22.95594573,1,z-,P,Glomeromycota,Glomeromycetes,Diversisporales,Acaulosporaceae,Acaulospora,Acaulospora mellea,Acaulospora,13,Symbiotroph,Arbuscular Mycorrhizal,Highly Probable,NULL,NULL,NULL,"Redecker D, et al. 2013. Mycorrhiza 23:515-531"
OTU299,5.149184449,5.582009933,22,1,99.87,0.004,26.5,2.92416487,3.441295547,5.782548476,7.206942918,8.044095707,1,1,25.56169084,1,z-,P,Glomeromycota,Glomeromycetes,Diversisporales,Acaulosporaceae,Acaulospora,Acaulospora mellea,Acaulospora,13,Symbiotroph,Arbuscular Mycorrhizal,Highly Probable,NULL,NULL,NULL,"Redecker D, et al. 2013. Mycorrhiza 23:515-531"
OTU419,1.648512238,1.648512238,13,2,11.88,0.004,3.39,1.433635565,1.433635565,1.541073901,2.04885401,3.510837471,0.972,0.954,4.037105066,2,z+,CD,Glomeromycota,Glomeromycetes,Glomerales,Glomeraceae,NA,NA,Glomeraceae,9,Symbiotroph,Arbuscular Mycorrhizal,Highly Probable,NULL,NULL,NULL,"Redecker D, et al. 2013. Mycorrhiza 23:515-531"
OTU1092,1.433635565,1.337798995,11,2,10.48,0.004,4.24,1.241962425,1.241962425,1.337798995,1.433635565,2.767688757,1,0.988,4.568729267,2,z+,CD,Glomeromycota,Glomeromycetes,Glomerales,Glomeraceae,NA,NA,Glomeraceae,9,Symbiotroph,Arbuscular Mycorrhizal,Highly Probable,NULL,NULL,NULL,"Redecker D, et al. 2013. Mycorrhiza 23:515-531"
OTU2212,0,1.433635565,14,1,11.39,0.004,4.4,0,0,0,1.648512238,1.648512238,1,0.966,5.372001138,1,z-,CD,Glomeromycota,Glomeromycetes,Diversisporales,Diversisporaceae,Diversispora,NA,Diversispora,13,Symbiotroph,Arbuscular Mycorrhizal,Highly Probable,NULL,NULL,NULL,"Redecker D, et al. 2013. Mycorrhiza 23:515-531"
OTU2938,0,0,7,1,7.89,0.004,4.94,0,0,0,1.241962425,1.241962425,1,0.962,6.042632915,1,z-,CD,Glomeromycota,Glomeromycetes,Glomerales,Glomeraceae,NA,NA,Glomeraceae,9,Symbiotroph,Arbuscular Mycorrhizal,Highly Probable,NULL,NULL,NULL,"Redecker D, et al. 2013. Mycorrhiza 23:515-531"
OTU555,2.754674834,2.340371923,80,1,40.18,0.004,5.21,1.818347089,2.283539327,2.283539327,2.340371923,2.340371923,0.954,1,5.761193608,1,z-,CD,Glomeromycota,Glomeromycetes,Glomerales,Glomeraceae,Rhizophagus,NA,Rhizophagus,13,Symbiotroph,Arbuscular Mycorrhizal,Highly Probable,NULL,NULL,NULL,"Redecker D, et al. 2013. Mycorrhiza 23:515-531"
OTU2569,2.754674834,1.433635565,11,2,10.58,0.004,5.3,1.241962425,1.241962425,1.433635565,2.665517843,2.665517843,1,0.988,5.592124664,2,z+,CD,Glomeromycota,Glomeromycetes,Glomerales,Glomeraceae,Funneliformis,Funneliformis mosseae,Funneliformis,13,Symbiotroph,Arbuscular Mycorrhizal,Highly Probable,NULL,NULL,NULL,"Redecker D, et al. 2013. Mycorrhiza 23:515-531"
OTU817,0,0,11,1,12.32,0.004,5.52,0,0,0,0.620981212,1.241962425,1,0.992,5.902624643,1,z-,CD,Glomeromycota,Glomeromycetes,Glomerales,Claroideoglomeraceae,Claroideoglomus,NA,Claroideoglomus,13,Symbiotroph,Arbuscular Mycorrhizal,Highly Probable,NULL,NULL,NULL,"Tedersoo L, et al. 2014. Science 346:1256688"
OTU447,2.166196669,2.166196669,47,1,29.68,0.004,5.62,2.04885401,2.04885401,2.166196669,2.283539327,2.283539327,0.978,1,5.736791854,1,z-,CD,Glomeromycota,Glomeromycetes,Glomerales,Glomeraceae,NA,NA,Glomeraceae,9,Symbiotroph,Arbuscular Mycorrhizal,Highly Probable,NULL,NULL,NULL,"Redecker D, et al. 2013. Mycorrhiza 23:515-531"
OTU1528,1.433635565,1.241962425,37,2,22.48,0.004,5.83,1.241962425,1.241962425,1.337798995,2.166196669,2.283539327,0.982,0.988,5.814598603,2,z+,CD,Glomeromycota,Glomeromycetes,Gigasporales,Gigasporaceae,Cetraspora,NA,Cetraspora,13,Symbiotroph,Arbuscular Mycorrhizal,Highly Probable,NULL,NULL,NULL,"Tedersoo L, et al. 2014. Science 346:1256688"
OTU1549,2.754674834,2.434837075,6,2,10.68,0.004,6.01,1.648512238,1.648512238,2.434837075,2.754674834,2.754674834,0.996,0.952,7.127101367,2,z+,CD,Glomeromycota,Glomeromycetes,Diversisporales,Diversisporaceae,Diversispora,Diversispora eburnea,Diversispora,13,Symbiotroph,Arbuscular Mycorrhizal,Highly Probable,NULL,NULL,NULL,"Redecker D, et al. 2013. Mycorrhiza 23:515-531"
OTU1464,2.767688757,2.04885401,6,2,8.45,0.004,6.07,2.04885401,2.04885401,2.283539327,2.761181795,2.767688757,0.998,0.95,6.071075243,2,z+,CD,Glomeromycota,Glomeromycetes,Diversisporales,Acaulosporaceae,Acaulospora,Acaulospora scrobiculata,Acaulospora,13,Symbiotroph,Arbuscular Mycorrhizal,Highly Probable,NULL,NULL,NULL,"Redecker D, et al. 2013. Mycorrhiza 23:515-531"
OTU1405,2.754674834,1.241962425,15,2,13.39,0.004,6.14,0,1.179864303,2.04885401,2.754674834,3.510837471,1,1,7.417143604,2,z+,CD,Glomeromycota,Paraglomeromycetes,Paraglomerales,Paraglomeraceae,Paraglomus,NA,Paraglomeraceae,9,Symbiotroph,Arbuscular Mycorrhizal,Highly Probable,NULL,NULL,NULL,"Redecker D, et al. 2013. Mycorrhiza 23:515-531"
OTU789,2.283539327,2.283539327,9,2,13.24,0.004,6.72,2.04885401,2.04885401,2.166196669,2.283539327,2.283539327,1,0.998,6.858383925,2,z+,CD,Glomeromycota,Glomeromycetes,Glomerales,Glomeraceae,Glomus,NA,Glomeraceae,9,Symbiotroph,Arbuscular Mycorrhizal,Highly Probable,NULL,NULL,NULL,"Redecker D, et al. 2013. Mycorrhiza 23:515-531"
OTU299,0,0,22,1,21.83,0.004,7.45,0,0,0,1.241962425,1.241962425,1,0.998,7.514186321,1,z-,CD,Glomeromycota,Glomeromycetes,Diversisporales,Acaulosporaceae,Acaulospora,Acaulospora mellea,Acaulospora,13,Symbiotroph,Arbuscular Mycorrhizal,Highly Probable,NULL,NULL,NULL,"Redecker D, et al. 2013. Mycorrhiza 23:515-531"
OTU644,1.433635565,1.241962425,25,2,23.58,0.004,7.57,1.241962425,1.241962425,1.337798995,1.433635565,1.433635565,1,1,8.19924213,2,z+,CD,Glomeromycota,Glomeromycetes,Glomerales,Glomeraceae,NA,NA,Glomeraceae,9,Symbiotroph,Arbuscular Mycorrhizal,Highly Probable,NULL,NULL,NULL,"Redecker D, et al. 2013. Mycorrhiza 23:515-531"
OTU1297,2.283539327,2.283539327,8,2,11.76,0.004,7.6,2.04885401,2.04885401,2.166196669,2.283539327,2.283539327,0.996,0.99,7.126641248,2,z+,CD,Glomeromycota,Glomeromycetes,Glomerales,Glomeraceae,Rhizophagus,NA,Rhizophagus,13,Symbiotroph,Arbuscular Mycorrhizal,Highly Probable,NULL,NULL,NULL,"Redecker D, et al. 2013. Mycorrhiza 23:515-531"
OTU477,2.166196669,2.04885401,23,2,24.01,0.004,7.7,2.04885401,2.04885401,2.04885401,2.283539327,2.283539327,1,1,8.225551686,2,z+,CD,Glomeromycota,Glomeromycetes,Glomerales,Glomeraceae,NA,NA,Glomeraceae,9,Symbiotroph,Arbuscular Mycorrhizal,Highly Probable,NULL,NULL,NULL,"Redecker D, et al. 2013. Mycorrhiza 23:515-531"
OTU1359,3.510837471,2.283539327,7,2,11.67,0.004,7.87,2.283539327,2.283539327,2.283539327,2.340371923,2.767688757,1,0.984,7.806654594,2,z+,CD,Glomeromycota,Glomeromycetes,Glomerales,Claroideoglomeraceae,Claroideoglomus,Claroideoglomus claroideum,Claroideoglomus,13,Symbiotroph,Arbuscular Mycorrhizal,Highly Probable,NULL,NULL,NULL,"Tedersoo L, et al. 2014. Science 346:1256688"
OTU948,1.241962425,0.620981212,29,2,23.49,0.004,8.01,0,0,0.620981212,1.241962425,1.241962425,0.998,1,7.821134606,2,z+,CD,Glomeromycota,Glomeromycetes,Glomerales,Glomeraceae,NA,NA,Glomeraceae,9,Symbiotroph,Arbuscular Mycorrhizal,Highly Probable,NULL,NULL,NULL,"Redecker D, et al. 2013. Mycorrhiza 23:515-531"
OTU857,1.648512238,1.648512238,23,2,20.8,0.004,8.09,0,0.620981212,1.648512238,1.648512238,1.848683124,1,1,7.748160423,2,z+,CD,Glomeromycota,Glomeromycetes,Glomerales,Glomeraceae,Rhizophagus,Rhizophagus intraradices,Rhizophagus,13,Symbiotroph,Arbuscular Mycorrhizal,Highly Probable,NULL,NULL,NULL,"Redecker D, et al. 2013. Mycorrhiza 23:515-531"
OTU642,2.754674834,2.754674834,9,2,22.35,0.004,8.21,2.564429016,2.614973429,2.754674834,2.754674834,2.761181795,0.974,0.982,8.821129453,2,z+,CD,Glomeromycota,Glomeromycetes,Glomerales,Claroideoglomeraceae,Claroideoglomus,Claroideoglomus etunicatum,Claroideoglomus,13,Symbiotroph,Arbuscular Mycorrhizal,Highly Probable,NULL,NULL,NULL,"Tedersoo L, et al. 2014. Science 346:1256688"
OTU222,0,0,26,1,25.27,0.004,8.5,0,0,0,1.241962425,1.241962425,1,1,7.958359014,1,z-,CD,Glomeromycota,Glomeromycetes,Diversisporales,Acaulosporaceae,Acaulospora,Acaulospora mellea,Acaulospora,13,Symbiotroph,Arbuscular Mycorrhizal,Highly Probable,NULL,NULL,NULL,"Redecker D, et al. 2013. Mycorrhiza 23:515-531"
OTU1485,2.754674834,2.754674834,7,2,20.16,0.004,8.51,2.564429016,2.665517843,2.710096339,2.754674834,2.754674834,0.962,0.954,9.061828419,2,z+,CD,Glomeromycota,Glomeromycetes,Glomerales,Glomeraceae,NA,NA,Glomeraceae,9,Symbiotroph,Arbuscular Mycorrhizal,Highly Probable,NULL,NULL,NULL,"Redecker D, et al. 2013. Mycorrhiza 23:515-531"
OTU605,2.166196669,2.166196669,22,2,24.05,0.004,9.66,1.241962425,1.241962425,2.04885401,2.283539327,2.283539327,1,1,9.65948555,2,z+,CD,Glomeromycota,Glomeromycetes,Glomerales,Glomeraceae,NA,NA,Glomeraceae,9,Symbiotroph,Arbuscular Mycorrhizal,Highly Probable,NULL,NULL,NULL,"Redecker D, et al. 2013. Mycorrhiza 23:515-531"
OTU2905,2.710096339,2.665517843,8,2,22.5,0.004,10.14,2.665517843,2.665517843,2.710096339,2.754674834,2.754674834,0.988,0.99,10.71103765,2,z+,CD,Glomeromycota,Glomeromycetes,Glomerales,Glomeraceae,Rhizophagus,Rhizophagus irregularis,Rhizophagus,13,Symbiotroph,Arbuscular Mycorrhizal,Highly Probable,NULL,NULL,NULL,"Redecker D, et al. 2013. Mycorrhiza 23:515-531"
OTU574,1.433635565,1.433635565,39,1,33.94,0.004,10.15,1.433635565,1.433635565,1.648512238,1.648512238,1.648512238,1,1,9.788144821,1,z-,CD,Glomeromycota,Glomeromycetes,Glomerales,Glomeraceae,Rhizophagus,NA,Rhizophagus,13,Symbiotroph,Arbuscular Mycorrhizal,Highly Probable,NULL,NULL,NULL,"Redecker D, et al. 2013. Mycorrhiza 23:515-531"
OTU934,2.754674834,2.754674834,5,2,16.83,0.004,10.88,2.04885401,2.283539327,2.665517843,2.754674834,2.754674834,0.992,0.956,8.5293367,2,z+,CD,Glomeromycota,Glomeromycetes,Glomerales,Glomeraceae,Glomus,NA,Glomeraceae,9,Symbiotroph,Arbuscular Mycorrhizal,Highly Probable,NULL,NULL,NULL,"Redecker D, et al. 2013. Mycorrhiza 23:515-531"
OTU1051,2.710096339,2.665517843,6,2,18.17,0.004,11.73,2.665517843,2.665517843,2.710096339,2.754674834,2.754674834,0.986,0.976,10.17944242,2,z+,CD,Glomeromycota,Glomeromycetes,Glomerales,Glomeraceae,Rhizophagus,Rhizophagus irregularis,Rhizophagus,13,Symbiotroph,Arbuscular Mycorrhizal,Highly Probable,NULL,NULL,NULL,"Redecker D, et al. 2013. Mycorrhiza 23:515-531"
OTU2176,2.710096339,2.665517843,8,2,21.81,0.004,11.78,2.665517843,2.665517843,2.710096339,2.754674834,2.754674834,0.978,0.976,10.52021134,2,z+,CD,Glomeromycota,Glomeromycetes,Glomerales,Glomeraceae,Rhizophagus,Rhizophagus irregularis,Rhizophagus,13,Symbiotroph,Arbuscular Mycorrhizal,Highly Probable,NULL,NULL,NULL,"Redecker D, et al. 2013. Mycorrhiza 23:515-531"
OTU294,3.139263114,1.648512238,40,2,37.45,0.004,11.84,1.433635565,1.433635565,1.541073901,1.648512238,1.648512238,1,1,11.63537248,2,z+,CD,Glomeromycota,Glomeromycetes,Glomerales,Glomeraceae,Glomus,Glomus cubense,Glomeraceae,9,Symbiotroph,Arbuscular Mycorrhizal,Highly Probable,NULL,NULL,NULL,"Redecker D, et al. 2013. Mycorrhiza 23:515-531"
OTU1237,2.754674834,2.754674834,10,2,28.27,0.004,12.15,2.340371923,2.665517843,2.710096339,2.754674834,2.754674834,0.996,0.992,11.51355775,2,z+,CD,Glomeromycota,Glomeromycetes,Diversisporales,Diversisporaceae,Diversispora,NA,Diversispora,13,Symbiotroph,Arbuscular Mycorrhizal,Highly Probable,NULL,NULL,NULL,"Redecker D, et al. 2013. Mycorrhiza 23:515-531"
OTU848,2.754674834,2.754674834,6,2,23.06,0.004,12.86,2.665517843,2.665517843,2.710096339,2.754674834,2.754674834,0.984,0.956,10.29152048,2,z+,CD,Glomeromycota,Archaeosporomycetes,Archaeosporales,Archaeosporaceae,Archaeospora,NA,Archaeospora,13,Symbiotroph,Arbuscular Mycorrhizal,Highly Probable,NULL,NULL,NULL,"Redecker D, et al. 2013. Mycorrhiza 23:515-531"
OTU1786,2.710096339,2.665517843,12,2,33.81,0.004,14.54,2.665517843,2.665517843,2.665517843,2.754674834,2.754674834,1,1,15.28642198,2,z+,CD,Glomeromycota,Glomeromycetes,Glomerales,Glomeraceae,NA,NA,Glomeraceae,9,Symbiotroph,Arbuscular Mycorrhizal,Highly Probable,NULL,NULL,NULL,"Redecker D, et al. 2013. Mycorrhiza 23:515-531"
OTU793,2.710096339,2.665517843,8,2,28.57,0.004,14.96,2.665517843,2.665517843,2.665517843,2.754674834,2.754674834,1,1,15.33095315,2,z+,CD,Glomeromycota,Glomeromycetes,Glomerales,Claroideoglomeraceae,Claroideoglomus,Claroideoglomus luteum,Claroideoglomus,13,Symbiotroph,Arbuscular Mycorrhizal,Highly Probable,NULL,NULL,NULL,"Tedersoo L, et al. 2014. Science 346:1256688"
OTU714,2.754674834,2.754674834,8,2,33.33,0.004,15.93,2.665517843,2.665517843,2.710096339,2.754674834,2.754674834,0.998,0.992,15.56105238,2,z+,CD,Glomeromycota,Glomeromycetes,Glomerales,Claroideoglomeraceae,Claroideoglomus,Claroideoglomus claroideum,Claroideoglomus,13,Symbiotroph,Arbuscular Mycorrhizal,Highly Probable,NULL,NULL,NULL,"Tedersoo L, et al. 2014. Science 346:1256688"
OTU1084,2.754674834,2.754674834,10,2,36.43,0.004,16.75,2.665517843,2.665517843,2.665517843,2.754674834,2.754674834,1,1,14.93330561,2,z+,CD,Glomeromycota,Glomeromycetes,Glomerales,Glomeraceae,Glomus,NA,Glomeraceae,9,Symbiotroph,Arbuscular Mycorrhizal,Highly Probable,NULL,NULL,NULL,"Redecker D, et al. 2013. Mycorrhiza 23:515-531"
OTU1487,2.710096339,2.665517843,9,2,34.62,0.004,17.14,2.665517843,2.665517843,2.665517843,2.754674834,2.754674834,1,1,16.44681223,2,z+,CD,Glomeromycota,Glomeromycetes,Glomerales,Glomeraceae,Rhizophagus,NA,Rhizophagus,13,Symbiotroph,Arbuscular Mycorrhizal,Highly Probable,NULL,NULL,NULL,"Redecker D, et al. 2013. Mycorrhiza 23:515-531"