"OTU","ienv.cp","zenv.cp","freq","maxgrp","IndVal","obsiv.prob","zscore","5%","10%","50%","90%","95%","purity","reliability","z.median","filter","z","variable","Phylum","Class","Order","Family","Genus","Species","Taxon","Taxon.Level","Trophic.Mode","Guild","Confidence.Ranking","Growth.Morphology","Trait","Notes","Citation.Source"
"OTU821",0.022,0.04625,19,1,12.67,0.008,3.38,0.022,0.0224,0.041,0.047,0.047,0.984,0.976,3.88446150696248,1,"z-","N","Glomeromycota","Glomeromycetes","Glomerales","Glomeraceae","Rhizophagus",NA,"Rhizophagus","13","Symbiotroph","Arbuscular Mycorrhizal","Highly Probable","NULL","NULL","NULL","Redecker D, et al. 2013. Mycorrhiza 23:515-531"
"OTU574",0.028125,0.028,39,2,22.79,0.008,4.25,0.028,0.028,0.0345,0.048,0.05475,0.998,0.996,5.04642128301966,2,"z+","N","Glomeromycota","Glomeromycetes","Glomerales","Glomeraceae","Rhizophagus",NA,"Rhizophagus","13","Symbiotroph","Arbuscular Mycorrhizal","Highly Probable","NULL","NULL","NULL","Redecker D, et al. 2013. Mycorrhiza 23:515-531"
"OTU340",0.07425,0.039,20,2,14.19,0.008,4.57,0.0325,0.033,0.0405,0.07425,0.0745,0.998,0.98,5.6770824103106,2,"z+","N","Glomeromycota","Glomeromycetes","Glomerales","Claroideoglomeraceae","Claroideoglomus","Claroideoglomus etunicatum","Claroideoglomus","13","Symbiotroph","Arbuscular Mycorrhizal","Highly Probable","NULL","NULL","NULL","Tedersoo L, et al. 2014. Science 346:1256688"
"OTU1359",0.02525,0.027,7,1,10.63,0.004,6.7,0.023,0.025,0.02575,0.028,0.034025,0.998,0.974,7.87000370513465,1,"z-","N","Glomeromycota","Glomeromycetes","Glomerales","Claroideoglomeraceae","Claroideoglomus","Claroideoglomus claroideum","Claroideoglomus","13","Symbiotroph","Arbuscular Mycorrhizal","Highly Probable","NULL","NULL","NULL","Tedersoo L, et al. 2014. Science 346:1256688"
"OTU793",0.047,0.047,8,2,13.06,0.004,6.9,0.04575,0.046,0.047,0.0531375,0.05375625,1,0.996,7.61636763478768,2,"z+","N","Glomeromycota","Glomeromycetes","Glomerales","Claroideoglomeraceae","Claroideoglomus","Claroideoglomus luteum","Claroideoglomus","13","Symbiotroph","Arbuscular Mycorrhizal","Highly Probable","NULL","NULL","NULL","Tedersoo L, et al. 2014. Science 346:1256688"
"OTU2417",0.022,0.022,5,1,39.02,0.004,7.07,0.021,0.022,0.0245,0.028,0.028,0.998,0.956,8.44555720406034,1,"z-","N","Glomeromycota","Glomeromycetes","Glomerales","Glomeraceae",NA,NA,"Glomeraceae","9","Symbiotroph","Arbuscular Mycorrhizal","Highly Probable","NULL","NULL","NULL","Redecker D, et al. 2013. Mycorrhiza 23:515-531"
"OTU419",0.026,0.026,13,1,18.13,0.004,7.29,0.023,0.024,0.026,0.033,0.0335,1,1,7.09842199127996,1,"z-","N","Glomeromycota","Glomeromycetes","Glomerales","Glomeraceae",NA,NA,"Glomeraceae","9","Symbiotroph","Arbuscular Mycorrhizal","Highly Probable","NULL","NULL","NULL","Redecker D, et al. 2013. Mycorrhiza 23:515-531"
"OTU1418",0.0761,0.0562,10,2,19.08,0.004,7.36,0.0547375,0.05525,0.0626,0.0714,0.0756,0.982,0.964,9.35707105195365,2,"z+","N","Glomeromycota","Glomeromycetes","Glomerales","Glomeraceae",NA,NA,"Glomeraceae","9","Symbiotroph","Arbuscular Mycorrhizal","Highly Probable","NULL","NULL","NULL","Redecker D, et al. 2013. Mycorrhiza 23:515-531"
"OTU991",0.046,0.045,23,2,19.39,0.004,7.63,0.02975,0.0385,0.045,0.046,0.0465,0.97,0.996,7.22409019952656,2,"z+","N","Glomeromycota","Glomeromycetes","Glomerales","Glomeraceae","Glomus",NA,"Glomeraceae","9","Symbiotroph","Arbuscular Mycorrhizal","Highly Probable","NULL","NULL","NULL","Redecker D, et al. 2013. Mycorrhiza 23:515-531"
"OTU1192",0.0682,0.06,12,2,25.39,0.004,7.91,0.055,0.055225,0.0642,0.0702,0.0756,0.986,0.984,10.1917759345808,2,"z+","N","Glomeromycota","Glomeromycetes","Glomerales","Glomeraceae",NA,NA,"Glomeraceae","9","Symbiotroph","Arbuscular Mycorrhizal","Highly Probable","NULL","NULL","NULL","Redecker D, et al. 2013. Mycorrhiza 23:515-531"
"OTU877",0.053375,0.053125,4,2,10.81,0.004,8.41,0.049,0.05,0.053,0.05425,0.067,0.992,0.962,8.21347601512667,2,"z+","N","Glomeromycota","Glomeromycetes","Glomerales","Glomeraceae","Glomus",NA,"Glomeraceae","9","Symbiotroph","Arbuscular Mycorrhizal","Highly Probable","NULL","NULL","NULL","Redecker D, et al. 2013. Mycorrhiza 23:515-531"
"OTU857",0.032,0.032,23,1,23.52,0.004,8.88,0.03,0.031,0.03275,0.034,0.034,1,1,9.63340514901068,1,"z-","N","Glomeromycota","Glomeromycetes","Glomerales","Glomeraceae","Rhizophagus","Rhizophagus intraradices","Rhizophagus","13","Symbiotroph","Arbuscular Mycorrhizal","Highly Probable","NULL","NULL","NULL","Redecker D, et al. 2013. Mycorrhiza 23:515-531"
"OTU751",0.0682,0.058,17,2,30.06,0.004,9.2,0.0545,0.055,0.0585,0.0682,0.0702,0.97,0.998,10.1863752059254,2,"z+","N","Glomeromycota","Glomeromycetes","Glomerales","Glomeraceae",NA,NA,"Glomeraceae","9","Symbiotroph","Arbuscular Mycorrhizal","Highly Probable","NULL","NULL","NULL","Redecker D, et al. 2013. Mycorrhiza 23:515-531"
"OTU1078",0.046,0.045,22,2,22.73,0.004,10.03,0.03995,0.04175,0.045,0.046,0.0462625,0.986,1,9.26927084206836,2,"z+","N","Glomeromycota","Glomeromycetes","Glomerales","Glomeraceae","Glomus",NA,"Glomeraceae","9","Symbiotroph","Arbuscular Mycorrhizal","Highly Probable","NULL","NULL","NULL","Redecker D, et al. 2013. Mycorrhiza 23:515-531"
"OTU294",0.032,0.032,40,1,38.15,0.004,12.31,0.03,0.031,0.032,0.034,0.035,1,1,12.3487302252407,1,"z-","N","Glomeromycota","Glomeromycetes","Glomerales","Glomeraceae","Glomus","Glomus cubense","Glomeraceae","9","Symbiotroph","Arbuscular Mycorrhizal","Highly Probable","NULL","NULL","NULL","Redecker D, et al. 2013. Mycorrhiza 23:515-531"
"OTU961",0.022,0.0224,7,1,36.43,0.004,12.9,0.022,0.022,0.0229,0.026,0.027,0.996,0.968,10.0446163737816,1,"z-","N","Glomeromycota","Glomeromycetes","Glomerales","Claroideoglomeraceae","Claroideoglomus","Claroideoglomus etunicatum","Claroideoglomus","13","Symbiotroph","Arbuscular Mycorrhizal","Highly Probable","NULL","NULL","NULL","Tedersoo L, et al. 2014. Science 346:1256688"
"OTU422",0.249128669963481,0.249128669963481,14,1,10.61,0.012,3.04,0.057501154833117,0.0662378826524319,0.178177186117656,0.25108496728744,0.25661821113242,1,0.99,4.26386477590378,1,"z-","NP","Glomeromycota","Glomeromycetes","Glomerales","Glomeraceae","Rhizophagus",NA,"Rhizophagus","13","Symbiotroph","Arbuscular Mycorrhizal","Highly Probable","NULL","NULL","NULL","Redecker D, et al. 2013. Mycorrhiza 23:515-531"
"OTU817",0.1976863471601,0.212293187436362,11,1,9.17,0.008,3.16,0.140941574649387,0.143959654608879,0.1976863471601,0.212905094497401,0.216410092701594,0.988,0.964,3.68064522341748,1,"z-","NP","Glomeromycota","Glomeromycetes","Glomerales","Claroideoglomeraceae","Claroideoglomus",NA,"Claroideoglomus","13","Symbiotroph","Arbuscular Mycorrhizal","Highly Probable","NULL","NULL","NULL","Tedersoo L, et al. 2014. Science 346:1256688"
"OTU2212",0.0409311967315989,0.106707685034263,14,1,13.31,0.004,5.15,0.0409311967315989,0.0412859371536672,0.102325799616646,0.14332926763904,0.14703397892487,0.998,0.978,6.97720068405218,1,"z-","NP","Glomeromycota","Glomeromycetes","Diversisporales","Diversisporaceae","Diversispora",NA,"Diversispora","13","Symbiotroph","Arbuscular Mycorrhizal","Highly Probable","NULL","NULL","NULL","Redecker D, et al. 2013. Mycorrhiza 23:515-531"
"OTU1455",0.250989561066755,0.25075855280103,6,2,8.33,0.004,5.41,0.235532807683598,0.238216767773703,0.250989561066755,0.307997042250428,0.321675690877265,0.998,0.954,5.75395050758044,2,"z+","NP","Glomeromycota","Glomeromycetes","Glomerales","Glomeraceae","Glomus",NA,"Glomeraceae","9","Symbiotroph","Arbuscular Mycorrhizal","Highly Probable","NULL","NULL","NULL","Redecker D, et al. 2013. Mycorrhiza 23:515-531"
"OTU1067",0.0556249524903286,0.0712625015491321,11,1,13.67,0.004,5.49,0.0542244262043546,0.0542274671735899,0.0597652822341571,0.139573903854499,0.143296089377469,0.982,0.95,6.37588628398788,1,"z-","NP","Glomeromycota","Glomeromycetes","Glomerales","Glomeraceae",NA,NA,"Glomeraceae","9","Symbiotroph","Arbuscular Mycorrhizal","Highly Probable","NULL","NULL","NULL","Redecker D, et al. 2013. Mycorrhiza 23:515-531"
"OTU644",0.250989561066755,0.267052454387263,25,2,19.94,0.004,5.72,0.140180730174305,0.143296089377469,0.235244978775837,0.318581236674265,0.389289763514855,0.994,0.996,6.54362448663685,2,"z+","NP","Glomeromycota","Glomeromycetes","Glomerales","Glomeraceae",NA,NA,"Glomeraceae","9","Symbiotroph","Arbuscular Mycorrhizal","Highly Probable","NULL","NULL","NULL","Redecker D, et al. 2013. Mycorrhiza 23:515-531"
"OTU857",0.23312029967118,0.23312029967118,23,1,18.25,0.004,6.26,0.187073904449153,0.1976863471601,0.233622377601466,0.243297194586443,0.249135450065734,1,1,6.35546417460271,1,"z-","NP","Glomeromycota","Glomeromycetes","Glomerales","Glomeraceae","Rhizophagus","Rhizophagus intraradices","Rhizophagus","13","Symbiotroph","Arbuscular Mycorrhizal","Highly Probable","NULL","NULL","NULL","Redecker D, et al. 2013. Mycorrhiza 23:515-531"
"OTU821",0.0594908856705391,0.0712625015491321,19,1,19.97,0.004,6.27,0.0506743062171667,0.0542274671735899,0.0712625015491321,0.0758447221819901,0.143641446072146,0.984,0.98,6.52991391789432,1,"z-","NP","Glomeromycota","Glomeromycetes","Glomerales","Glomeraceae","Rhizophagus",NA,"Rhizophagus","13","Symbiotroph","Arbuscular Mycorrhizal","Highly Probable","NULL","NULL","NULL","Redecker D, et al. 2013. Mycorrhiza 23:515-531"
"OTU1528",0.264288942213122,0.214633695157792,37,2,24.39,0.004,6.5,0.189891255299932,0.194771853754929,0.239317638383,0.270585399438202,0.277317851035152,0.996,0.994,7.01405917184628,2,"z+","NP","Glomeromycota","Glomeromycetes","Gigasporales","Gigasporaceae","Cetraspora",NA,"Cetraspora","13","Symbiotroph","Arbuscular Mycorrhizal","Highly Probable","NULL","NULL","NULL","Tedersoo L, et al. 2014. Science 346:1256688"
"OTU425",0.204505720383894,0.225598367065904,32,1,23.22,0.004,6.78,0.166041361753936,0.16818955234136,0.193391813686914,0.212905094497401,0.214633695157792,0.998,1,6.89532874767367,1,"z-","NP","Glomeromycota","Glomeromycetes","Glomerales","Glomeraceae","Rhizophagus",NA,"Rhizophagus","13","Symbiotroph","Arbuscular Mycorrhizal","Highly Probable","NULL","NULL","NULL","Redecker D, et al. 2013. Mycorrhiza 23:515-531"
"OTU1051",0.968832499079462,0.66928171948212,6,2,14.49,0.004,6.98,0.273030303019272,0.285859300931501,0.577929394686995,0.968832499079462,1.16829303484444,0.998,0.982,8.30130496689721,2,"z+","NP","Glomeromycota","Glomeromycetes","Glomerales","Glomeraceae","Rhizophagus","Rhizophagus irregularis","Rhizophagus","13","Symbiotroph","Arbuscular Mycorrhizal","Highly Probable","NULL","NULL","NULL","Redecker D, et al. 2013. Mycorrhiza 23:515-531"
"OTU447",0.0409311967315989,0.0409311967315989,47,1,72.96,0.004,7.58,0.0386793027299963,0.0394597768639863,0.250622950755989,0.277081523152904,0.285859300931501,1,1,7.64430738452264,1,"z-","NP","Glomeromycota","Glomeromycetes","Glomerales","Glomeraceae",NA,NA,"Glomeraceae","9","Symbiotroph","Arbuscular Mycorrhizal","Highly Probable","NULL","NULL","NULL","Redecker D, et al. 2013. Mycorrhiza 23:515-531"
"OTU2905",1.70516935682053,0.968832499079462,8,2,20.88,0.004,7.82,0.303515596278704,0.307418397516646,0.848527173913597,1.27290966772982,1.55353906263956,1,0.986,9.01536571349492,2,"z+","NP","Glomeromycota","Glomeromycetes","Glomerales","Glomeraceae","Rhizophagus","Rhizophagus irregularis","Rhizophagus","13","Symbiotroph","Arbuscular Mycorrhizal","Highly Probable","NULL","NULL","NULL","Redecker D, et al. 2013. Mycorrhiza 23:515-531"
"OTU848",1.70516935682053,1.27290966772982,6,2,21.89,0.004,8.01,0.337233846959297,0.348367649443523,0.525002925256264,1.27290966772982,1.55353906263956,1,0.98,10.1282055903249,2,"z+","NP","Glomeromycota","Archaeosporomycetes","Archaeosporales","Archaeosporaceae","Archaeospora",NA,"Archaeospora","13","Symbiotroph","Arbuscular Mycorrhizal","Highly Probable","NULL","NULL","NULL","Redecker D, et al. 2013. Mycorrhiza 23:515-531"
"OTU2176",1.70516935682053,1.70516935682053,8,2,34.04,0.004,8.02,0.16727922925509,0.168355905785292,0.968832499079462,1.70516935682053,1.75716739294075,1,0.976,8.17151240343292,2,"z+","NP","Glomeromycota","Glomeromycetes","Glomerales","Glomeraceae","Rhizophagus","Rhizophagus irregularis","Rhizophagus","13","Symbiotroph","Arbuscular Mycorrhizal","Highly Probable","NULL","NULL","NULL","Redecker D, et al. 2013. Mycorrhiza 23:515-531"
"OTU1237",1.70516935682053,1.27290966772982,10,2,28.17,0.004,8.1,0.303134281824652,0.346641529327138,1.08817441552998,1.66534571407889,1.70516935682053,0.976,0.988,8.98519153319352,2,"z+","NP","Glomeromycota","Glomeromycetes","Diversisporales","Diversisporaceae","Diversispora",NA,"Diversispora","13","Symbiotroph","Arbuscular Mycorrhizal","Highly Probable","NULL","NULL","NULL","Redecker D, et al. 2013. Mycorrhiza 23:515-531"
"OTU294",0.23312029967118,0.216410092701594,40,1,29.26,0.004,8.21,0.0727596838018138,0.172186481329179,0.233622377601466,0.25089415484607,0.253690358022045,1,1,8.49391433615173,1,"z-","NP","Glomeromycota","Glomeromycetes","Glomerales","Glomeraceae","Glomus","Glomus cubense","Glomeraceae","9","Symbiotroph","Arbuscular Mycorrhizal","Highly Probable","NULL","NULL","NULL","Redecker D, et al. 2013. Mycorrhiza 23:515-531"
"OTU1487",1.70516935682053,0.292775177539937,9,2,14.29,0.004,8.32,0.290494609913625,0.297525726509269,0.642876575456482,1.5583975669741,1.66357227641419,1,1,10.591667778123,2,"z+","NP","Glomeromycota","Glomeromycetes","Glomerales","Glomeraceae","Rhizophagus",NA,"Rhizophagus","13","Symbiotroph","Arbuscular Mycorrhizal","Highly Probable","NULL","NULL","NULL","Redecker D, et al. 2013. Mycorrhiza 23:515-531"
"OTU1908",0.0556249524903286,0.0746987548855215,5,1,11.63,0.004,8.39,0.0546343405276325,0.0556249524903286,0.0607024615105137,0.078394520544294,0.0805174194508002,0.994,0.96,8.89027015037362,1,"z-","NP","Glomeromycota","Glomeromycetes","Glomerales","Claroideoglomeraceae","Claroideoglomus",NA,"Claroideoglomus","13","Symbiotroph","Arbuscular Mycorrhizal","Highly Probable","NULL","NULL","NULL","Tedersoo L, et al. 2014. Science 346:1256688"
"OTU1786",1.70516935682053,0.608805397114329,12,2,23.45,0.004,8.67,0.290585858576466,0.301866050740551,0.66928171948212,1.55157894732596,1.63495978578754,0.992,1,10.4194184193421,2,"z+","NP","Glomeromycota","Glomeromycetes","Glomerales","Glomeraceae",NA,NA,"Glomeraceae","9","Symbiotroph","Arbuscular Mycorrhizal","Highly Probable","NULL","NULL","NULL","Redecker D, et al. 2013. Mycorrhiza 23:515-531"
"OTU793",1.70516935682053,0.608805397114329,8,2,18.22,0.004,8.74,0.236867579950209,0.297281246438761,0.66602547788433,1.55344572381511,1.66357227641419,1,0.988,9.35043309934206,2,"z+","NP","Glomeromycota","Glomeromycetes","Glomerales","Claroideoglomeraceae","Claroideoglomus","Claroideoglomus luteum","Claroideoglomus","13","Symbiotroph","Arbuscular Mycorrhizal","Highly Probable","NULL","NULL","NULL","Tedersoo L, et al. 2014. Science 346:1256688"
"OTU714",1.70516935682053,1.27290966772982,8,2,28.52,0.004,8.91,0.325894172954995,0.567571668910477,1.16829303484444,1.66534571407889,1.70516935682053,0.982,0.976,9.99025027930972,2,"z+","NP","Glomeromycota","Glomeromycetes","Glomerales","Claroideoglomeraceae","Claroideoglomus","Claroideoglomus claroideum","Claroideoglomus","13","Symbiotroph","Arbuscular Mycorrhizal","Highly Probable","NULL","NULL","NULL","Tedersoo L, et al. 2014. Science 346:1256688"
"OTU2987",0.0409311967315989,0.0550309135573828,5,1,15.64,0.004,8.99,0.0412682001325638,0.0434591713865193,0.0551157371444956,0.0737384962582715,0.0762533627917628,0.994,0.976,10.1808818909056,1,"z-","NP","Glomeromycota","Glomeromycetes","Glomerales","Glomeraceae",NA,NA,"Glomeraceae","9","Symbiotroph","Arbuscular Mycorrhizal","Highly Probable","NULL","NULL","NULL","Redecker D, et al. 2013. Mycorrhiza 23:515-531"
"OTU2107",0.0409311967315989,0.0409311967315989,6,1,59.43,0.004,9.89,0.0409311967315989,0.0409311967315989,0.0468708285551205,0.0917897930991385,0.0928572493566002,1,0.986,11.0875469485183,1,"z-","NP","Glomeromycota","Glomeromycetes","Glomerales","Glomeraceae",NA,NA,"Glomeraceae","9","Symbiotroph","Arbuscular Mycorrhizal","Highly Probable","NULL","NULL","NULL","Redecker D, et al. 2013. Mycorrhiza 23:515-531"
"OTU1359",0.0578703578003649,0.0779265963183218,7,1,15.22,0.004,9.92,0.0556249524903286,0.0575381301897323,0.061353433695321,0.0773357760035828,0.0782589226308804,1,0.99,11.1278621734696,1,"z-","NP","Glomeromycota","Glomeromycetes","Glomerales","Claroideoglomeraceae","Claroideoglomus","Claroideoglomus claroideum","Claroideoglomus","13","Symbiotroph","Arbuscular Mycorrhizal","Highly Probable","NULL","NULL","NULL","Tedersoo L, et al. 2014. Science 346:1256688"
"OTU2938",1.55344572381511,1.27290966772982,7,2,29.28,0.004,10.46,0.397923840608739,0.418370354189001,0.896074106046249,1.55344572381511,1.59326936655675,0.998,0.998,12.8751888353454,2,"z+","NP","Glomeromycota","Glomeromycetes","Glomerales","Glomeraceae",NA,NA,"Glomeraceae","9","Symbiotroph","Arbuscular Mycorrhizal","Highly Probable","NULL","NULL","NULL","Redecker D, et al. 2013. Mycorrhiza 23:515-531"
"OTU1084",1.70516935682053,0.639620333858692,10,2,25.53,0.004,11.57,0.307418397516646,0.329376769028864,0.613215189833054,1.55157894732596,1.65682138683781,1,1,12.6967950679148,2,"z+","NP","Glomeromycota","Glomeromycetes","Glomerales","Glomeraceae","Glomus",NA,"Glomeraceae","9","Symbiotroph","Arbuscular Mycorrhizal","Highly Probable","NULL","NULL","NULL","Redecker D, et al. 2013. Mycorrhiza 23:515-531"
"OTU2417",0.0409311967315989,0.0550309135573828,5,1,20,0.004,13.78,0.0409311967315989,0.0412859371536672,0.0538986822801142,0.0589969718560267,0.0610834672122118,0.994,0.988,13.360686886931,1,"z-","NP","Glomeromycota","Glomeromycetes","Glomerales","Glomeraceae",NA,NA,"Glomeraceae","9","Symbiotroph","Arbuscular Mycorrhizal","Highly Probable","NULL","NULL","NULL","Redecker D, et al. 2013. Mycorrhiza 23:515-531"
"OTU222",2.10230870941585,0.968832499079462,26,2,71.89,0.004,16.92,0.475834738099714,0.517110954266326,0.900677200813477,1.45447637750798,2.10230870941585,1,1,18.6417182812029,2,"z+","NP","Glomeromycota","Glomeromycetes","Diversisporales","Acaulosporaceae","Acaulospora","Acaulospora mellea","Acaulospora","13","Symbiotroph","Arbuscular Mycorrhizal","Highly Probable","NULL","NULL","NULL","Redecker D, et al. 2013. Mycorrhiza 23:515-531"
"OTU299",2.10230870941585,0.968832499079462,22,2,72.03,0.004,19.48,0.603802238404632,0.668956095322341,0.918113248286947,1.45447637750798,2.06136783758212,1,1,20.453063171434,2,"z+","NP","Glomeromycota","Glomeromycetes","Diversisporales","Acaulosporaceae","Acaulospora","Acaulospora mellea","Acaulospora","13","Symbiotroph","Arbuscular Mycorrhizal","Highly Probable","NULL","NULL","NULL","Redecker D, et al. 2013. Mycorrhiza 23:515-531"
"OTU817",0.49575,0.49575,11,1,9.91,0.004,3.73,0.314,0.3215,0.4905,0.50075,0.5043875,1,0.986,4.55555136606108,1,"z-","TOC","Glomeromycota","Glomeromycetes","Glomerales","Claroideoglomeraceae","Claroideoglomus",NA,"Claroideoglomus","13","Symbiotroph","Arbuscular Mycorrhizal","Highly Probable","NULL","NULL","NULL","Tedersoo L, et al. 2014. Science 346:1256688"
"OTU789",0.518,0.518,9,2,9.47,0.008,4.21,0.4545,0.504225,0.5175,0.5285,0.5520375,1,0.96,4.41079273270169,2,"z+","TOC","Glomeromycota","Glomeromycetes","Glomerales","Glomeraceae","Glomus",NA,"Glomeraceae","9","Symbiotroph","Arbuscular Mycorrhizal","Highly Probable","NULL","NULL","NULL","Redecker D, et al. 2013. Mycorrhiza 23:515-531"
"OTU821",0.446,0.451,19,1,15.09,0.004,5.57,0.422,0.4285,0.45,0.4905,0.492,0.998,0.994,6.04228922600826,1,"z-","TOC","Glomeromycota","Glomeromycetes","Glomerales","Glomeraceae","Rhizophagus",NA,"Rhizophagus","13","Symbiotroph","Arbuscular Mycorrhizal","Highly Probable","NULL","NULL","NULL","Redecker D, et al. 2013. Mycorrhiza 23:515-531"
"OTU708",0.67325,0.666871918895349,15,2,20.39,0.004,6.39,0.589360579781977,0.603146517383721,0.668,0.691,0.704,0.952,0.984,7.10817693374923,2,"z+","TOC","Glomeromycota","Glomeromycetes","Glomerales","Glomeraceae","Glomus",NA,"Glomeraceae","9","Symbiotroph","Arbuscular Mycorrhizal","Highly Probable","NULL","NULL","NULL","Redecker D, et al. 2013. Mycorrhiza 23:515-531"
"OTU2212",0.3215,0.3445,14,1,27.93,0.004,6.85,0.3175,0.32695,0.373,0.41625,0.469,0.998,0.996,8.30822089842008,1,"z-","TOC","Glomeromycota","Glomeromycetes","Diversisporales","Diversisporaceae","Diversispora",NA,"Diversispora","13","Symbiotroph","Arbuscular Mycorrhizal","Highly Probable","NULL","NULL","NULL","Redecker D, et al. 2013. Mycorrhiza 23:515-531"
"OTU2176",0.67325,0.636553114534884,8,2,18.41,0.004,7.63,0.612287797093023,0.622257888662791,0.648523476162791,0.70155,0.704,0.992,0.974,9.52259935963442,2,"z+","TOC","Glomeromycota","Glomeromycetes","Glomerales","Glomeraceae","Rhizophagus","Rhizophagus irregularis","Rhizophagus","13","Symbiotroph","Arbuscular Mycorrhizal","Highly Probable","NULL","NULL","NULL","Redecker D, et al. 2013. Mycorrhiza 23:515-531"
"OTU1153",0.67325,0.666871918895349,9,2,17.68,0.004,7.71,0.52585,0.602,0.6675,0.704,0.7815,0.952,0.986,8.70515071227871,2,"z+","TOC","Glomeromycota","Glomeromycetes","Glomerales","Glomeraceae","Glomus",NA,"Glomeraceae","9","Symbiotroph","Arbuscular Mycorrhizal","Highly Probable","NULL","NULL","NULL","Redecker D, et al. 2013. Mycorrhiza 23:515-531"
"OTU1405",0.665210593604651,0.656941275,15,2,25.73,0.004,7.98,0.5685,0.626900284040698,0.658474519186047,0.719,0.8472,0.996,0.98,8.95701060665503,2,"z+","TOC","Glomeromycota","Paraglomeromycetes","Paraglomerales","Paraglomeraceae","Paraglomus",NA,"Paraglomeraceae","9","Symbiotroph","Arbuscular Mycorrhizal","Highly Probable","NULL","NULL","NULL","Redecker D, et al. 2013. Mycorrhiza 23:515-531"
"OTU1954",0.8896,0.67325,5,2,15.44,0.004,8.53,0.5265,0.593843218924419,0.715964045348837,0.8442,0.8896,0.992,0.96,10.1137652612156,2,"z+","TOC","Glomeromycota","Glomeromycetes","Glomerales","Glomeraceae","Glomus",NA,"Glomeraceae","9","Symbiotroph","Arbuscular Mycorrhizal","Highly Probable","NULL","NULL","NULL","Redecker D, et al. 2013. Mycorrhiza 23:515-531"
"OTU898",0.719,0.666871918895349,5,2,15.39,0.004,9.84,0.528,0.60243,0.667,0.743033820406977,0.779723475872093,0.998,0.952,9.50753995476864,2,"z+","TOC","Glomeromycota","Glomeromycetes","Glomerales","Glomeraceae","Glomus",NA,"Glomeraceae","9","Symbiotroph","Arbuscular Mycorrhizal","Highly Probable","NULL","NULL","NULL","Redecker D, et al. 2013. Mycorrhiza 23:515-531"
"OTU1487",0.6675,0.6675,9,2,22.6,0.004,10.11,0.59976875,0.617697079069767,0.636553114534884,0.67275,0.703525,0.968,0.996,10.7872703438996,2,"z+","TOC","Glomeromycota","Glomeromycetes","Glomerales","Glomeraceae","Rhizophagus",NA,"Rhizophagus","13","Symbiotroph","Arbuscular Mycorrhizal","Highly Probable","NULL","NULL","NULL","Redecker D, et al. 2013. Mycorrhiza 23:515-531"
"OTU419",0.323,0.3265,13,1,42.67,0.004,11.01,0.321,0.323,0.3295,0.4165,0.467,0.994,0.972,11.5888224701272,1,"z-","TOC","Glomeromycota","Glomeromycetes","Glomerales","Glomeraceae",NA,NA,"Glomeraceae","9","Symbiotroph","Arbuscular Mycorrhizal","Highly Probable","NULL","NULL","NULL","Redecker D, et al. 2013. Mycorrhiza 23:515-531"
"OTU793",0.636553114534884,0.6675,8,2,23.9,0.004,11.57,0.612287797093023,0.616848539534884,0.636553114534884,0.6675,0.67275,1,0.994,12.5556800441632,2,"z+","TOC","Glomeromycota","Glomeromycetes","Glomerales","Claroideoglomeraceae","Claroideoglomus","Claroideoglomus luteum","Claroideoglomus","13","Symbiotroph","Arbuscular Mycorrhizal","Highly Probable","NULL","NULL","NULL","Tedersoo L, et al. 2014. Science 346:1256688"
"OTU1418",0.79155,0.717482022674419,10,2,32.97,0.004,11.65,0.596864378488372,0.5988,0.7444,0.8106,0.8241,1,0.996,12.5652296205951,2,"z+","TOC","Glomeromycota","Glomeromycetes","Glomerales","Glomeraceae",NA,NA,"Glomeraceae","9","Symbiotroph","Arbuscular Mycorrhizal","Highly Probable","NULL","NULL","NULL","Redecker D, et al. 2013. Mycorrhiza 23:515-531"
"OTU1084",0.6675,0.6675,10,2,27.79,0.004,12.28,0.629,0.6415,0.666871918895349,0.681,0.691,0.978,0.994,11.12794200837,2,"z+","TOC","Glomeromycota","Glomeromycetes","Glomerales","Glomeraceae","Glomus",NA,"Glomeraceae","9","Symbiotroph","Arbuscular Mycorrhizal","Highly Probable","NULL","NULL","NULL","Redecker D, et al. 2013. Mycorrhiza 23:515-531"
"OTU751",0.8306,0.717482022674419,17,2,45.31,0.004,13.21,0.599175,0.628,0.749361737936046,0.82,0.8306,1,1,14.0312737426477,2,"z+","TOC","Glomeromycota","Glomeromycetes","Glomerales","Glomeraceae",NA,NA,"Glomeraceae","9","Symbiotroph","Arbuscular Mycorrhizal","Highly Probable","NULL","NULL","NULL","Redecker D, et al. 2013. Mycorrhiza 23:515-531"
"OTU1192",0.9349,0.717482022674419,12,2,39.4,0.004,14.7,0.5824,0.623263685581395,0.7444,0.8412,0.8442,0.998,0.998,14.2857180748493,2,"z+","TOC","Glomeromycota","Glomeromycetes","Glomerales","Glomeraceae",NA,NA,"Glomeraceae","9","Symbiotroph","Arbuscular Mycorrhizal","Highly Probable","NULL","NULL","NULL","Redecker D, et al. 2013. Mycorrhiza 23:515-531"
"OTU776",6.195,6.92,37,2,19.86,0.02,3.13,6.115,6.195,7.03,8.23,8.23,0.99,0.974,3.81975174401592,2,"z+","pH","Glomeromycota","Glomeromycetes","Glomerales","Glomeraceae","Rhizophagus",NA,"Rhizophagus","13","Symbiotroph","Arbuscular Mycorrhizal","Highly Probable","NULL","NULL","NULL","Redecker D, et al. 2013. Mycorrhiza 23:515-531"
"OTU991",7.175,7.175,23,2,14.28,0.016,3.31,7.145,7.165,7.4925,7.865,7.915,0.996,0.976,4.43851630756193,2,"z+","pH","Glomeromycota","Glomeromycetes","Glomerales","Glomeraceae","Glomus",NA,"Glomeraceae","9","Symbiotroph","Arbuscular Mycorrhizal","Highly Probable","NULL","NULL","NULL","Redecker D, et al. 2013. Mycorrhiza 23:515-531"
"OTU477",7.905,7.915,23,1,16.08,0.004,3.7,7.41,7.735,7.905,7.95,7.97,0.994,0.982,4.05612068830148,1,"z-","pH","Glomeromycota","Glomeromycetes","Glomerales","Glomeraceae",NA,NA,"Glomeraceae","9","Symbiotroph","Arbuscular Mycorrhizal","Highly Probable","NULL","NULL","NULL","Redecker D, et al. 2013. Mycorrhiza 23:515-531"
"OTU1078",7.03,7.795,22,2,13.92,0.008,3.93,6.98975,7.03,7.5225,7.855,7.91,0.998,0.992,4.8902119189096,2,"z+","pH","Glomeromycota","Glomeromycetes","Glomerales","Glomeraceae","Glomus",NA,"Glomeraceae","9","Symbiotroph","Arbuscular Mycorrhizal","Highly Probable","NULL","NULL","NULL","Redecker D, et al. 2013. Mycorrhiza 23:515-531"
"OTU793",7.59,7.645,8,1,7.55,0.004,4.09,7.32,7.325,7.5475,7.64,7.65,0.998,0.954,4.43501380661867,1,"z-","pH","Glomeromycota","Glomeromycetes","Glomerales","Claroideoglomeraceae","Claroideoglomus","Claroideoglomus luteum","Claroideoglomus","13","Symbiotroph","Arbuscular Mycorrhizal","Highly Probable","NULL","NULL","NULL","Tedersoo L, et al. 2014. Science 346:1256688"
"OTU1487",7.59,7.655,9,1,8.33,0.004,4.64,7.51,7.51,7.595,7.64,7.65,1,0.962,4.68891814782631,1,"z-","pH","Glomeromycota","Glomeromycetes","Glomerales","Glomeraceae","Rhizophagus",NA,"Rhizophagus","13","Symbiotroph","Arbuscular Mycorrhizal","Highly Probable","NULL","NULL","NULL","Redecker D, et al. 2013. Mycorrhiza 23:515-531"
"OTU1092",8.23,8.13,11,2,15.51,0.004,5.47,7.75,7.7745,8.075,8.23,8.24,0.998,0.986,6.95937080683842,2,"z+","pH","Glomeromycota","Glomeromycetes","Glomerales","Glomeraceae",NA,NA,"Glomeraceae","9","Symbiotroph","Arbuscular Mycorrhizal","Highly Probable","NULL","NULL","NULL","Redecker D, et al. 2013. Mycorrhiza 23:515-531"
"OTU789",7.165,7.26,9,1,11.87,0.004,5.64,4.92,5.14,7.26,7.44,7.455,1,0.992,6.80117394166017,1,"z-","pH","Glomeromycota","Glomeromycetes","Glomerales","Glomeraceae","Glomus",NA,"Glomeraceae","9","Symbiotroph","Arbuscular Mycorrhizal","Highly Probable","NULL","NULL","NULL","Redecker D, et al. 2013. Mycorrhiza 23:515-531"
"OTU2158",7.26,7.265,6,1,8.82,0.004,5.87,7.165,7.205,7.265,7.32,7.335,1,0.97,6.04072638407111,1,"z-","pH","Glomeromycota","Glomeromycetes","Diversisporales","Diversisporaceae","Diversispora",NA,"Diversispora","13","Symbiotroph","Arbuscular Mycorrhizal","Highly Probable","NULL","NULL","NULL","Redecker D, et al. 2013. Mycorrhiza 23:515-531"
"OTU730",8.13,8.13,47,2,38.4,0.004,6.03,7.825,8.085,8.125,8.155,8.2055,0.986,0.99,6.57622378408474,2,"z+","pH","Glomeromycota","Glomeromycetes","Glomerales","Glomeraceae","Rhizophagus",NA,"Rhizophagus","13","Symbiotroph","Arbuscular Mycorrhizal","Highly Probable","NULL","NULL","NULL","Redecker D, et al. 2013. Mycorrhiza 23:515-531"
"OTU857",7.885,7.66,23,2,17.8,0.004,6.12,7.335,7.51,7.66,8,8.055,1,1,7.44406545790384,2,"z+","pH","Glomeromycota","Glomeromycetes","Glomerales","Glomeraceae","Rhizophagus","Rhizophagus intraradices","Rhizophagus","13","Symbiotroph","Arbuscular Mycorrhizal","Highly Probable","NULL","NULL","NULL","Redecker D, et al. 2013. Mycorrhiza 23:515-531"
"OTU1810",8.41,8.03,6,2,9.56,0.004,6.27,7.78,7.8,8.0375,8.27,8.365,0.998,0.966,6.84859016171865,2,"z+","pH","Glomeromycota","Glomeromycetes","Diversisporales","Diversisporaceae","Diversispora",NA,"Diversispora","13","Symbiotroph","Arbuscular Mycorrhizal","Highly Probable","NULL","NULL","NULL","Redecker D, et al. 2013. Mycorrhiza 23:515-531"
"OTU294",7.3,7.655,40,2,25.61,0.004,6.47,7.26,7.2845,7.5875,8.041,8.065,1,1,7.75969765973288,2,"z+","pH","Glomeromycota","Glomeromycetes","Glomerales","Glomeraceae","Glomus","Glomus cubense","Glomeraceae","9","Symbiotroph","Arbuscular Mycorrhizal","Highly Probable","NULL","NULL","NULL","Redecker D, et al. 2013. Mycorrhiza 23:515-531"
"OTU1455",7.165,7.165,6,1,10.53,0.004,6.65,6.9,6.96,7.165,7.22,7.245,0.998,0.976,7.06769607520212,1,"z-","pH","Glomeromycota","Glomeromycetes","Glomerales","Glomeraceae","Glomus",NA,"Glomeraceae","9","Symbiotroph","Arbuscular Mycorrhizal","Highly Probable","NULL","NULL","NULL","Redecker D, et al. 2013. Mycorrhiza 23:515-531"
"OTU1004",8.215,8.215,29,2,36.86,0.004,6.86,8.02925,8.13,8.2,8.215,8.22,0.982,0.98,7.60813671159584,2,"z+","pH","Glomeromycota","Glomeromycetes","Glomerales","Glomeraceae","Rhizophagus",NA,"Rhizophagus","13","Symbiotroph","Arbuscular Mycorrhizal","Highly Probable","NULL","NULL","NULL","Redecker D, et al. 2013. Mycorrhiza 23:515-531"
"OTU1037",8.265,8.11,16,2,23.42,0.004,7.92,7.6395,8.09,8.1275,8.265,8.27,1,0.998,8.49345824334783,2,"z+","pH","Glomeromycota","Glomeromycetes","Glomerales","Glomeraceae","Rhizophagus","Rhizophagus custos","Rhizophagus","13","Symbiotroph","Arbuscular Mycorrhizal","Highly Probable","NULL","NULL","NULL","Redecker D, et al. 2013. Mycorrhiza 23:515-531"
"OTU555",8.255,8.11,80,2,54.21,0.004,8.23,8.085,8.09,8.125,8.22,8.25025,1,1,8.62105907417998,2,"z+","pH","Glomeromycota","Glomeromycetes","Glomerales","Glomeraceae","Rhizophagus",NA,"Rhizophagus","13","Symbiotroph","Arbuscular Mycorrhizal","Highly Probable","NULL","NULL","NULL","Redecker D, et al. 2013. Mycorrhiza 23:515-531"
"OTU687",8.255,8.09,45,2,39.38,0.004,8.58,8.03,8.055,8.09,8.175,8.25,1,0.998,9.30699690663715,2,"z+","pH","Glomeromycota","Glomeromycetes","Glomerales","Glomeraceae","Rhizophagus",NA,"Rhizophagus","13","Symbiotroph","Arbuscular Mycorrhizal","Highly Probable","NULL","NULL","NULL","Redecker D, et al. 2013. Mycorrhiza 23:515-531"
"OTU1387",8.45,8.19,9,2,22.88,0.004,9.21,7.91,7.955,8.175,8.281,8.421,1,1,11.6295138685413,2,"z+","pH","Glomeromycota","Glomeromycetes","Glomerales","Glomeraceae",NA,NA,"Glomeraceae","9","Symbiotroph","Arbuscular Mycorrhizal","Highly Probable","NULL","NULL","NULL","Redecker D, et al. 2013. Mycorrhiza 23:515-531"
"OTU961",8.175,8.165,7,2,19.04,0.004,9.8,7.955,8.0795,8.1525,8.175,8.18,0.998,0.992,10.2958757071249,2,"z+","pH","Glomeromycota","Glomeromycetes","Glomerales","Claroideoglomeraceae","Claroideoglomus","Claroideoglomus etunicatum","Claroideoglomus","13","Symbiotroph","Arbuscular Mycorrhizal","Highly Probable","NULL","NULL","NULL","Tedersoo L, et al. 2014. Science 346:1256688"
"OTU2212",8.355,8.11,14,2,24.14,0.004,9.98,8.00475,8.035,8.11,8.335,8.355,1,0.998,10.4026839970935,2,"z+","pH","Glomeromycota","Glomeromycetes","Diversisporales","Diversisporaceae","Diversispora",NA,"Diversispora","13","Symbiotroph","Arbuscular Mycorrhizal","Highly Probable","NULL","NULL","NULL","Redecker D, et al. 2013. Mycorrhiza 23:515-531"
"OTU2417",8.41,8.125,5,2,16.13,0.004,10.31,8.09,8.11,8.14,8.2955,8.365,0.996,0.98,11.1989803226998,2,"z+","pH","Glomeromycota","Glomeromycetes","Glomerales","Glomeraceae",NA,NA,"Glomeraceae","9","Symbiotroph","Arbuscular Mycorrhizal","Highly Probable","NULL","NULL","NULL","Redecker D, et al. 2013. Mycorrhiza 23:515-531"
"OTU2987",8.45,8.14,5,2,17.24,0.004,10.8,8.09,8.11,8.14,8.185,8.22,0.996,0.974,11.023635852927,2,"z+","pH","Glomeromycota","Glomeromycetes","Glomerales","Glomeraceae",NA,NA,"Glomeraceae","9","Symbiotroph","Arbuscular Mycorrhizal","Highly Probable","NULL","NULL","NULL","Redecker D, et al. 2013. Mycorrhiza 23:515-531"
"OTU2938",5.22,5.295,7,1,26.75,0.004,11.13,5.14,5.2,5.27,6.565,6.701,0.994,0.984,12.0653253836265,1,"z-","pH","Glomeromycota","Glomeromycetes","Glomerales","Glomeraceae",NA,NA,"Glomeraceae","9","Symbiotroph","Arbuscular Mycorrhizal","Highly Probable","NULL","NULL","NULL","Redecker D, et al. 2013. Mycorrhiza 23:515-531"
"OTU425",7.915,7.915,32,2,35.88,0.004,11.2,7.679,7.76,7.835,7.985,8.02,1,1,11.3254453072849,2,"z+","pH","Glomeromycota","Glomeromycetes","Glomerales","Glomeraceae","Rhizophagus",NA,"Rhizophagus","13","Symbiotroph","Arbuscular Mycorrhizal","Highly Probable","NULL","NULL","NULL","Redecker D, et al. 2013. Mycorrhiza 23:515-531"
"OTU447",8.355,7.85,47,2,43.04,0.004,11.46,7.739,7.85,7.9575,8.17,8.17525,1,1,12.5108852625236,2,"z+","pH","Glomeromycota","Glomeromycetes","Glomerales","Glomeraceae",NA,NA,"Glomeraceae","9","Symbiotroph","Arbuscular Mycorrhizal","Highly Probable","NULL","NULL","NULL","Redecker D, et al. 2013. Mycorrhiza 23:515-531"
"OTU608",8.265,8.085,38,2,42.3,0.004,11.51,8.07,8.08,8.11,8.23,8.265,1,1,11.8659829782917,2,"z+","pH","Glomeromycota","Glomeromycetes","Glomerales","Glomeraceae","Rhizophagus",NA,"Rhizophagus","13","Symbiotroph","Arbuscular Mycorrhizal","Highly Probable","NULL","NULL","NULL","Redecker D, et al. 2013. Mycorrhiza 23:515-531"
"OTU2107",8.41,8.22,6,2,22.63,0.004,11.96,8.11,8.11,8.185,8.38,8.41,0.994,0.982,13.3480841775602,2,"z+","pH","Glomeromycota","Glomeromycetes","Glomerales","Glomeraceae",NA,NA,"Glomeraceae","9","Symbiotroph","Arbuscular Mycorrhizal","Highly Probable","NULL","NULL","NULL","Redecker D, et al. 2013. Mycorrhiza 23:515-531"
"OTU708",8.41,8.355,15,2,54.55,0.004,12.23,8.24,8.255,8.29,8.41,8.42,0.996,0.978,11.7440740090343,2,"z+","pH","Glomeromycota","Glomeromycetes","Glomerales","Glomeraceae","Glomus",NA,"Glomeraceae","9","Symbiotroph","Arbuscular Mycorrhizal","Highly Probable","NULL","NULL","NULL","Redecker D, et al. 2013. Mycorrhiza 23:515-531"
"OTU222",5.07,5.245,26,1,82.11,0.004,21.34,5.165,5.2,5.435,6.8,6.8355,1,1,20.2293472045034,1,"z-","pH","Glomeromycota","Glomeromycetes","Diversisporales","Acaulosporaceae","Acaulospora","Acaulospora mellea","Acaulospora","13","Symbiotroph","Arbuscular Mycorrhizal","Highly Probable","NULL","NULL","NULL","Redecker D, et al. 2013. Mycorrhiza 23:515-531"
"OTU299",5.07,5.245,22,1,82.22,0.004,24.79,5.16975,5.2,5.415,5.943,6.03725,1,1,22.3157827471657,1,"z-","pH","Glomeromycota","Glomeromycetes","Diversisporales","Acaulosporaceae","Acaulospora","Acaulospora mellea","Acaulospora","13","Symbiotroph","Arbuscular Mycorrhizal","Highly Probable","NULL","NULL","NULL","Redecker D, et al. 2013. Mycorrhiza 23:515-531"
"OTU447",71.942896285,13.880210885,47,2,24.59,0.02,3.46,9.39703614815,9.55786736,13.880210885,61.07857351,70.48062016,0.996,0.998,4.63780671960515,2,"z+","P","Glomeromycota","Glomeromycetes","Glomerales","Glomeraceae",NA,NA,"Glomeraceae","9","Symbiotroph","Arbuscular Mycorrhizal","Highly Probable","NULL","NULL","NULL","Redecker D, et al. 2013. Mycorrhiza 23:515-531"
"OTU708",69.154881085,66.325706595,15,2,21.81,0.008,3.83,24.17576136,30.26078938,47.85714286,68.68653913,69.154881085,0.99,0.958,5.52727885305587,2,"z+","P","Glomeromycota","Glomeromycetes","Glomerales","Glomeraceae","Glomus",NA,"Glomeraceae","9","Symbiotroph","Arbuscular Mycorrhizal","Highly Probable","NULL","NULL","NULL","Redecker D, et al. 2013. Mycorrhiza 23:515-531"
"OTU425",53.91843845,14.800151395,32,2,22.22,0.004,4.57,13.880210885,14.24748979,16.05927898,53.91843845,58.109528975,0.998,1,5.38247771311541,2,"z+","P","Glomeromycota","Glomeromycetes","Glomerales","Glomeraceae","Rhizophagus",NA,"Rhizophagus","13","Symbiotroph","Arbuscular Mycorrhizal","Highly Probable","NULL","NULL","NULL","Redecker D, et al. 2013. Mycorrhiza 23:515-531"
"OTU422",31.998360215,31.998360215,14,2,12.32,0.004,4.67,15.62011174575,15.9583222075,31.894344105,38.0614139490001,42.421174865,1,0.972,4.9700596871824,2,"z+","P","Glomeromycota","Glomeromycetes","Glomerales","Glomeraceae","Rhizophagus",NA,"Rhizophagus","13","Symbiotroph","Arbuscular Mycorrhizal","Highly Probable","NULL","NULL","NULL","Redecker D, et al. 2013. Mycorrhiza 23:515-531"
"OTU294",12.014251815,11.86762326,40,2,25.16,0.008,4.73,11.24249681625,11.542970995,12.014251815,14.5092216,17.4781824107493,0.958,1,4.87922928990125,2,"z+","P","Glomeromycota","Glomeromycetes","Glomerales","Glomeraceae","Glomus","Glomus cubense","Glomeraceae","9","Symbiotroph","Arbuscular Mycorrhizal","Highly Probable","NULL","NULL","NULL","Redecker D, et al. 2013. Mycorrhiza 23:515-531"
"OTU1485",69.154881085,39.818379695,7,2,7.63,0.004,4.81,29.53101016,30.23538961,42.07777604,65.77489784,67.82914201,0.998,0.966,5.66245851586464,2,"z+","P","Glomeromycota","Glomeromycetes","Glomerales","Glomeraceae",NA,NA,"Glomeraceae","9","Symbiotroph","Arbuscular Mycorrhizal","Highly Probable","NULL","NULL","NULL","Redecker D, et al. 2013. Mycorrhiza 23:515-531"
"OTU1359",34.792159095,33.507539445,7,2,7.95,0.004,4.85,31.59369163,32.883082985,34.792159095,42.07777604,43.88169918,1,0.958,5.41292718622604,2,"z+","P","Glomeromycota","Glomeromycetes","Glomerales","Claroideoglomeraceae","Claroideoglomus","Claroideoglomus claroideum","Claroideoglomus","13","Symbiotroph","Arbuscular Mycorrhizal","Highly Probable","NULL","NULL","NULL","Tedersoo L, et al. 2014. Science 346:1256688"
"OTU1055",45.515118065,44.341145165,17,2,14.24,0.004,4.86,26.04588394,26.634818125,45.195092465,48.442291545,49.01204307425,0.986,0.952,5.54509666578454,2,"z+","P","Glomeromycota","Glomeromycetes","Diversisporales","Diversisporaceae","Diversispora",NA,"Diversispora","13","Symbiotroph","Arbuscular Mycorrhizal","Highly Probable","NULL","NULL","NULL","Redecker D, et al. 2013. Mycorrhiza 23:515-531"
"OTU1153",66.325706595,45.80390062,9,2,10.72,0.008,5,23.586316905,24.17576136,46.127921035,66.325706595,66.501410745,1,0.974,6.20384731760737,2,"z+","P","Glomeromycota","Glomeromycetes","Glomerales","Glomeraceae","Glomus",NA,"Glomeraceae","9","Symbiotroph","Arbuscular Mycorrhizal","Highly Probable","NULL","NULL","NULL","Redecker D, et al. 2013. Mycorrhiza 23:515-531"
"OTU714",33.73063894,31.59369163,8,2,8.79,0.004,5.09,31.4156303075,31.59369163,37.8035144525,48.6804806665,50.029831125,0.998,0.978,5.85697665878064,2,"z+","P","Glomeromycota","Glomeromycetes","Glomerales","Claroideoglomeraceae","Claroideoglomus","Claroideoglomus claroideum","Claroideoglomus","13","Symbiotroph","Arbuscular Mycorrhizal","Highly Probable","NULL","NULL","NULL","Tedersoo L, et al. 2014. Science 346:1256688"
"OTU1307",66.325706595,30.00375475,9,2,9.18,0.004,5.39,28.775350194,29.5299372385,39.65548038,66.325706595,70.5537339662499,1,0.988,5.9586578333259,2,"z+","P","Glomeromycota","Glomeromycetes","Glomerales","Glomeraceae","Glomus",NA,"Glomeraceae","9","Symbiotroph","Arbuscular Mycorrhizal","Highly Probable","NULL","NULL","NULL","Redecker D, et al. 2013. Mycorrhiza 23:515-531"
"OTU751",24.269695385,23.586316905,17,2,14,0.004,5.43,21.0982386665,21.74367662,24.09024745,25.068065695,28.350372615,0.996,1,5.38992304794421,2,"z+","P","Glomeromycota","Glomeromycetes","Glomerales","Glomeraceae",NA,NA,"Glomeraceae","9","Symbiotroph","Arbuscular Mycorrhizal","Highly Probable","NULL","NULL","NULL","Redecker D, et al. 2013. Mycorrhiza 23:515-531"
"OTU644",17.215292945,17.417643755,25,1,20.31,0.004,6.03,11.796301775,11.884855705,17.74256993,21.923408642,23.07692308,0.998,0.998,7.05836082959095,1,"z-","P","Glomeromycota","Glomeromycetes","Glomerales","Glomeraceae",NA,NA,"Glomeraceae","9","Symbiotroph","Arbuscular Mycorrhizal","Highly Probable","NULL","NULL","NULL","Redecker D, et al. 2013. Mycorrhiza 23:515-531"
"OTU1237",32.883082985,31.41915627,10,2,10.87,0.004,6.25,30.6358867415,31.023736145,32.9032760675,48.32831325,59.549873895,1,0.994,6.4239994243592,2,"z+","P","Glomeromycota","Glomeromycetes","Diversisporales","Diversisporaceae","Diversispora",NA,"Diversispora","13","Symbiotroph","Arbuscular Mycorrhizal","Highly Probable","NULL","NULL","NULL","Redecker D, et al. 2013. Mycorrhiza 23:515-531"
"OTU1487",42.36203118,41.78891559,9,2,11.26,0.004,6.27,31.894344105,32.92346915,42.07317073,47.0367563755,50.5934852275,1,0.988,6.60561952953606,2,"z+","P","Glomeromycota","Glomeromycetes","Glomerales","Glomeraceae","Rhizophagus",NA,"Rhizophagus","13","Symbiotroph","Arbuscular Mycorrhizal","Highly Probable","NULL","NULL","NULL","Redecker D, et al. 2013. Mycorrhiza 23:515-531"
"OTU991",47.75718778,47.75718778,23,2,21.85,0.004,6.84,43.25759944825,44.70914368,47.188845405,50.86506348,51.46825562,0.99,0.988,7.08680353065242,2,"z+","P","Glomeromycota","Glomeromycetes","Glomerales","Glomeraceae","Glomus",NA,"Glomeraceae","9","Symbiotroph","Arbuscular Mycorrhizal","Highly Probable","NULL","NULL","NULL","Redecker D, et al. 2013. Mycorrhiza 23:515-531"
"OTU1786",46.196527535,33.73063894,12,2,13.79,0.004,7.03,30.69139225225,31.41915627,33.73063894,46.196527535,47.6572327,1,0.996,7.75710702651153,2,"z+","P","Glomeromycota","Glomeromycetes","Glomerales","Glomeraceae",NA,NA,"Glomeraceae","9","Symbiotroph","Arbuscular Mycorrhizal","Highly Probable","NULL","NULL","NULL","Redecker D, et al. 2013. Mycorrhiza 23:515-531"
"OTU1356",11.64967322,12.014251815,5,1,10.64,0.004,7.57,8.0291106967,10.739532165,11.86762326,12.3942277785,13.01406759025,0.99,0.97,7.73383052964519,1,"z-","P","Glomeromycota","Glomeromycetes","Glomerales","Glomeraceae","Glomus",NA,"Glomeraceae","9","Symbiotroph","Arbuscular Mycorrhizal","Highly Probable","NULL","NULL","NULL","Redecker D, et al. 2013. Mycorrhiza 23:515-531"
"OTU1528",13.31675386,12.137424715,37,1,31.03,0.004,8.02,11.88399408275,12.014251815,13.31675386,13.8904040695,14.2536112475,0.988,1,8.78783560597856,1,"z-","P","Glomeromycota","Glomeromycetes","Gigasporales","Gigasporaceae","Cetraspora",NA,"Cetraspora","13","Symbiotroph","Arbuscular Mycorrhizal","Highly Probable","NULL","NULL","NULL","Tedersoo L, et al. 2014. Science 346:1256688"
"OTU1455",11.64967322,12.014251815,6,1,12.77,0.004,8.28,7.9788228525,8.2939201107,11.86762326,12.1389271,13.10848401,1,0.986,8.79975126741815,1,"z-","P","Glomeromycota","Glomeromycetes","Glomerales","Glomeraceae","Glomus",NA,"Glomeraceae","9","Symbiotroph","Arbuscular Mycorrhizal","Highly Probable","NULL","NULL","NULL","Redecker D, et al. 2013. Mycorrhiza 23:515-531"
"OTU1078",51.030157265,43.41712786,22,2,22.73,0.004,8.41,42.710035315,42.9351179,46.196527535,51.27569999,52.78021685825,0.998,0.998,9.59765050558313,2,"z+","P","Glomeromycota","Glomeromycetes","Glomerales","Glomeraceae","Glomus",NA,"Glomeraceae","9","Symbiotroph","Arbuscular Mycorrhizal","Highly Probable","NULL","NULL","NULL","Redecker D, et al. 2013. Mycorrhiza 23:515-531"
"OTU793",46.196527535,45.515118065,8,2,14.04,0.004,8.44,45.13484041,45.45486601,45.87250712,50.40277778,50.81968337175,1,0.996,9.0449805138432,2,"z+","P","Glomeromycota","Glomeromycetes","Glomerales","Claroideoglomeraceae","Claroideoglomus","Claroideoglomus luteum","Claroideoglomus","13","Symbiotroph","Arbuscular Mycorrhizal","Highly Probable","NULL","NULL","NULL","Tedersoo L, et al. 2014. Science 346:1256688"
"OTU2938",2.6896076755,5.1491844485,7,1,37.45,0.004,15.73,2.5303482225,2.6896076755,5.809627814,9.23533889725,12.758841125,1,0.994,13.6925410500777,1,"z-","P","Glomeromycota","Glomeromycetes","Glomerales","Glomeraceae",NA,NA,"Glomeraceae","9","Symbiotroph","Arbuscular Mycorrhizal","Highly Probable","NULL","NULL","NULL","Redecker D, et al. 2013. Mycorrhiza 23:515-531"
"OTU222",5.1491844485,5.582009933,26,1,99.76,0.004,25.81,2.6896076755,3.18418944,5.582009933,6.987928026,7.770741796,1,1,22.9559457291723,1,"z-","P","Glomeromycota","Glomeromycetes","Diversisporales","Acaulosporaceae","Acaulospora","Acaulospora mellea","Acaulospora","13","Symbiotroph","Arbuscular Mycorrhizal","Highly Probable","NULL","NULL","NULL","Redecker D, et al. 2013. Mycorrhiza 23:515-531"
"OTU299",5.1491844485,5.582009933,22,1,99.87,0.004,26.5,2.924164870375,3.441295547,5.782548476,7.20694291825001,8.044095707,1,1,25.5616908410191,1,"z-","P","Glomeromycota","Glomeromycetes","Diversisporales","Acaulosporaceae","Acaulospora","Acaulospora mellea","Acaulospora","13","Symbiotroph","Arbuscular Mycorrhizal","Highly Probable","NULL","NULL","NULL","Redecker D, et al. 2013. Mycorrhiza 23:515-531"
"OTU419",1.64851223756658,1.64851223756658,13,2,11.88,0.004,3.39,1.4336355647558,1.4336355647558,1.54107390116119,2.04885401033582,3.51083747084185,0.972,0.954,4.03710506568523,2,"z+","CD","Glomeromycota","Glomeromycetes","Glomerales","Glomeraceae",NA,NA,"Glomeraceae","9","Symbiotroph","Arbuscular Mycorrhizal","Highly Probable","NULL","NULL","NULL","Redecker D, et al. 2013. Mycorrhiza 23:515-531"
"OTU1092",1.4336355647558,1.33779899474487,11,2,10.48,0.004,4.24,1.24196242473395,1.24196242473395,1.33779899474487,1.4336355647558,2.76768875656803,1,0.988,4.56872926660467,2,"z+","CD","Glomeromycota","Glomeromycetes","Glomerales","Glomeraceae",NA,NA,"Glomeraceae","9","Symbiotroph","Arbuscular Mycorrhizal","Highly Probable","NULL","NULL","NULL","Redecker D, et al. 2013. Mycorrhiza 23:515-531"
"OTU2212",0,1.4336355647558,14,1,11.39,0.004,4.4,0,0,0,1.64851223756658,1.64851223756658,1,0.966,5.3720011381041,1,"z-","CD","Glomeromycota","Glomeromycetes","Diversisporales","Diversisporaceae","Diversispora",NA,"Diversispora","13","Symbiotroph","Arbuscular Mycorrhizal","Highly Probable","NULL","NULL","NULL","Redecker D, et al. 2013. Mycorrhiza 23:515-531"
"OTU2938",0,0,7,1,7.89,0.004,4.94,0,0,0,1.24196242473395,1.24196242473395,1,0.962,6.04263291472476,1,"z-","CD","Glomeromycota","Glomeromycetes","Glomerales","Glomeraceae",NA,NA,"Glomeraceae","9","Symbiotroph","Arbuscular Mycorrhizal","Highly Probable","NULL","NULL","NULL","Redecker D, et al. 2013. Mycorrhiza 23:515-531"
"OTU555",2.75467483400722,2.34037192278581,80,1,40.18,0.004,5.21,1.81834708899034,2.28353932749327,2.28353932749327,2.34037192278581,2.34037192278581,0.954,1,5.76119360802949,1,"z-","CD","Glomeromycota","Glomeromycetes","Glomerales","Glomeraceae","Rhizophagus",NA,"Rhizophagus","13","Symbiotroph","Arbuscular Mycorrhizal","Highly Probable","NULL","NULL","NULL","Redecker D, et al. 2013. Mycorrhiza 23:515-531"
"OTU2569",2.75467483400722,1.4336355647558,11,2,10.58,0.004,5.3,1.24196242473395,1.24196242473395,1.4336355647558,2.66551784331371,2.66551784331371,1,0.988,5.59212466434433,2,"z+","CD","Glomeromycota","Glomeromycetes","Glomerales","Glomeraceae","Funneliformis","Funneliformis mosseae","Funneliformis","13","Symbiotroph","Arbuscular Mycorrhizal","Highly Probable","NULL","NULL","NULL","Redecker D, et al. 2013. Mycorrhiza 23:515-531"
"OTU817",0,0,11,1,12.32,0.004,5.52,0,0,0,0.620981212366975,1.24196242473395,1,0.992,5.90262464298502,1,"z-","CD","Glomeromycota","Glomeromycetes","Glomerales","Claroideoglomeraceae","Claroideoglomus",NA,"Claroideoglomus","13","Symbiotroph","Arbuscular Mycorrhizal","Highly Probable","NULL","NULL","NULL","Tedersoo L, et al. 2014. Science 346:1256688"
"OTU447",2.16619666891455,2.16619666891455,47,1,29.68,0.004,5.62,2.04885401033582,2.04885401033582,2.16619666891455,2.28353932749327,2.28353932749327,0.978,1,5.73679185427383,1,"z-","CD","Glomeromycota","Glomeromycetes","Glomerales","Glomeraceae",NA,NA,"Glomeraceae","9","Symbiotroph","Arbuscular Mycorrhizal","Highly Probable","NULL","NULL","NULL","Redecker D, et al. 2013. Mycorrhiza 23:515-531"
"OTU1528",1.4336355647558,1.24196242473395,37,2,22.48,0.004,5.83,1.24196242473395,1.24196242473395,1.33779899474487,2.16619666891455,2.28353932749327,0.982,0.988,5.81459860305476,2,"z+","CD","Glomeromycota","Glomeromycetes","Gigasporales","Gigasporaceae","Cetraspora",NA,"Cetraspora","13","Symbiotroph","Arbuscular Mycorrhizal","Highly Probable","NULL","NULL","NULL","Tedersoo L, et al. 2014. Science 346:1256688"
"OTU1549",2.75467483400722,2.43483707459389,6,2,10.68,0.004,6.01,1.64851223756658,1.64851223756658,2.43483707459389,2.75467483400722,2.75467483400722,0.996,0.952,7.1271013669654,2,"z+","CD","Glomeromycota","Glomeromycetes","Diversisporales","Diversisporaceae","Diversispora","Diversispora eburnea","Diversispora","13","Symbiotroph","Arbuscular Mycorrhizal","Highly Probable","NULL","NULL","NULL","Redecker D, et al. 2013. Mycorrhiza 23:515-531"
"OTU1464",2.76768875656803,2.04885401033582,6,2,8.45,0.004,6.07,2.04885401033582,2.04885401033582,2.28353932749327,2.76118179528762,2.76768875656803,0.998,0.95,6.07107524274066,2,"z+","CD","Glomeromycota","Glomeromycetes","Diversisporales","Acaulosporaceae","Acaulospora","Acaulospora scrobiculata","Acaulospora","13","Symbiotroph","Arbuscular Mycorrhizal","Highly Probable","NULL","NULL","NULL","Redecker D, et al. 2013. Mycorrhiza 23:515-531"
"OTU1405",2.75467483400722,1.24196242473395,15,2,13.39,0.004,6.14,0,1.17986430349726,2.04885401033582,2.75467483400722,3.51083747084185,1,1,7.41714360440815,2,"z+","CD","Glomeromycota","Paraglomeromycetes","Paraglomerales","Paraglomeraceae","Paraglomus",NA,"Paraglomeraceae","9","Symbiotroph","Arbuscular Mycorrhizal","Highly Probable","NULL","NULL","NULL","Redecker D, et al. 2013. Mycorrhiza 23:515-531"
"OTU789",2.28353932749327,2.28353932749327,9,2,13.24,0.004,6.72,2.04885401033582,2.04885401033582,2.16619666891455,2.28353932749327,2.28353932749327,1,0.998,6.85838392499179,2,"z+","CD","Glomeromycota","Glomeromycetes","Glomerales","Glomeraceae","Glomus",NA,"Glomeraceae","9","Symbiotroph","Arbuscular Mycorrhizal","Highly Probable","NULL","NULL","NULL","Redecker D, et al. 2013. Mycorrhiza 23:515-531"
"OTU299",0,0,22,1,21.83,0.004,7.45,0,0,0,1.24196242473395,1.24196242473395,1,0.998,7.51418632140693,1,"z-","CD","Glomeromycota","Glomeromycetes","Diversisporales","Acaulosporaceae","Acaulospora","Acaulospora mellea","Acaulospora","13","Symbiotroph","Arbuscular Mycorrhizal","Highly Probable","NULL","NULL","NULL","Redecker D, et al. 2013. Mycorrhiza 23:515-531"
"OTU644",1.4336355647558,1.24196242473395,25,2,23.58,0.004,7.57,1.24196242473395,1.24196242473395,1.33779899474487,1.4336355647558,1.4336355647558,1,1,8.19924213043159,2,"z+","CD","Glomeromycota","Glomeromycetes","Glomerales","Glomeraceae",NA,NA,"Glomeraceae","9","Symbiotroph","Arbuscular Mycorrhizal","Highly Probable","NULL","NULL","NULL","Redecker D, et al. 2013. Mycorrhiza 23:515-531"
"OTU1297",2.28353932749327,2.28353932749327,8,2,11.76,0.004,7.6,2.04885401033582,2.04885401033582,2.16619666891455,2.28353932749327,2.28353932749327,0.996,0.99,7.12664124762236,2,"z+","CD","Glomeromycota","Glomeromycetes","Glomerales","Glomeraceae","Rhizophagus",NA,"Rhizophagus","13","Symbiotroph","Arbuscular Mycorrhizal","Highly Probable","NULL","NULL","NULL","Redecker D, et al. 2013. Mycorrhiza 23:515-531"
"OTU477",2.16619666891455,2.04885401033582,23,2,24.01,0.004,7.7,2.04885401033582,2.04885401033582,2.04885401033582,2.28353932749327,2.28353932749327,1,1,8.2255516863937,2,"z+","CD","Glomeromycota","Glomeromycetes","Glomerales","Glomeraceae",NA,NA,"Glomeraceae","9","Symbiotroph","Arbuscular Mycorrhizal","Highly Probable","NULL","NULL","NULL","Redecker D, et al. 2013. Mycorrhiza 23:515-531"
"OTU1359",3.51083747084185,2.28353932749327,7,2,11.67,0.004,7.87,2.28353932749327,2.28353932749327,2.28353932749327,2.34037192278581,2.76768875656803,1,0.984,7.80665459386119,2,"z+","CD","Glomeromycota","Glomeromycetes","Glomerales","Claroideoglomeraceae","Claroideoglomus","Claroideoglomus claroideum","Claroideoglomus","13","Symbiotroph","Arbuscular Mycorrhizal","Highly Probable","NULL","NULL","NULL","Tedersoo L, et al. 2014. Science 346:1256688"
"OTU948",1.24196242473395,0.620981212366975,29,2,23.49,0.004,8.01,0,0,0.620981212366975,1.24196242473395,1.24196242473395,0.998,1,7.82113460566744,2,"z+","CD","Glomeromycota","Glomeromycetes","Glomerales","Glomeraceae",NA,NA,"Glomeraceae","9","Symbiotroph","Arbuscular Mycorrhizal","Highly Probable","NULL","NULL","NULL","Redecker D, et al. 2013. Mycorrhiza 23:515-531"
"OTU857",1.64851223756658,1.64851223756658,23,2,20.8,0.004,8.09,0,0.620981212366975,1.64851223756658,1.64851223756658,1.8486831239512,1,1,7.74816042302634,2,"z+","CD","Glomeromycota","Glomeromycetes","Glomerales","Glomeraceae","Rhizophagus","Rhizophagus intraradices","Rhizophagus","13","Symbiotroph","Arbuscular Mycorrhizal","Highly Probable","NULL","NULL","NULL","Redecker D, et al. 2013. Mycorrhiza 23:515-531"
"OTU642",2.75467483400722,2.75467483400722,9,2,22.35,0.004,8.21,2.56442901551794,2.61497342941582,2.75467483400722,2.75467483400722,2.76118179528762,0.974,0.982,8.82112945284542,2,"z+","CD","Glomeromycota","Glomeromycetes","Glomerales","Claroideoglomeraceae","Claroideoglomus","Claroideoglomus etunicatum","Claroideoglomus","13","Symbiotroph","Arbuscular Mycorrhizal","Highly Probable","NULL","NULL","NULL","Tedersoo L, et al. 2014. Science 346:1256688"
"OTU222",0,0,26,1,25.27,0.004,8.5,0,0,0,1.24196242473395,1.24196242473395,1,1,7.95835901434901,1,"z-","CD","Glomeromycota","Glomeromycetes","Diversisporales","Acaulosporaceae","Acaulospora","Acaulospora mellea","Acaulospora","13","Symbiotroph","Arbuscular Mycorrhizal","Highly Probable","NULL","NULL","NULL","Redecker D, et al. 2013. Mycorrhiza 23:515-531"
"OTU1485",2.75467483400722,2.75467483400722,7,2,20.16,0.004,8.51,2.56442901551794,2.66551784331371,2.71009633866047,2.75467483400722,2.75467483400722,0.962,0.954,9.06182841864105,2,"z+","CD","Glomeromycota","Glomeromycetes","Glomerales","Glomeraceae",NA,NA,"Glomeraceae","9","Symbiotroph","Arbuscular Mycorrhizal","Highly Probable","NULL","NULL","NULL","Redecker D, et al. 2013. Mycorrhiza 23:515-531"
"OTU605",2.16619666891455,2.16619666891455,22,2,24.05,0.004,9.66,1.24196242473395,1.24196242473395,2.04885401033582,2.28353932749327,2.28353932749327,1,1,9.65948554958154,2,"z+","CD","Glomeromycota","Glomeromycetes","Glomerales","Glomeraceae",NA,NA,"Glomeraceae","9","Symbiotroph","Arbuscular Mycorrhizal","Highly Probable","NULL","NULL","NULL","Redecker D, et al. 2013. Mycorrhiza 23:515-531"
"OTU2905",2.71009633866047,2.66551784331371,8,2,22.5,0.004,10.14,2.66551784331371,2.66551784331371,2.71009633866047,2.75467483400722,2.75467483400722,0.988,0.99,10.7110376486194,2,"z+","CD","Glomeromycota","Glomeromycetes","Glomerales","Glomeraceae","Rhizophagus","Rhizophagus irregularis","Rhizophagus","13","Symbiotroph","Arbuscular Mycorrhizal","Highly Probable","NULL","NULL","NULL","Redecker D, et al. 2013. Mycorrhiza 23:515-531"
"OTU574",1.4336355647558,1.4336355647558,39,1,33.94,0.004,10.15,1.4336355647558,1.4336355647558,1.64851223756658,1.64851223756658,1.64851223756658,1,1,9.78814482088379,1,"z-","CD","Glomeromycota","Glomeromycetes","Glomerales","Glomeraceae","Rhizophagus",NA,"Rhizophagus","13","Symbiotroph","Arbuscular Mycorrhizal","Highly Probable","NULL","NULL","NULL","Redecker D, et al. 2013. Mycorrhiza 23:515-531"
"OTU934",2.75467483400722,2.75467483400722,5,2,16.83,0.004,10.88,2.04885401033582,2.28353932749327,2.66551784331371,2.75467483400722,2.75467483400722,0.992,0.956,8.52933669960246,2,"z+","CD","Glomeromycota","Glomeromycetes","Glomerales","Glomeraceae","Glomus",NA,"Glomeraceae","9","Symbiotroph","Arbuscular Mycorrhizal","Highly Probable","NULL","NULL","NULL","Redecker D, et al. 2013. Mycorrhiza 23:515-531"
"OTU1051",2.71009633866047,2.66551784331371,6,2,18.17,0.004,11.73,2.66551784331371,2.66551784331371,2.71009633866047,2.75467483400722,2.75467483400722,0.986,0.976,10.1794424209125,2,"z+","CD","Glomeromycota","Glomeromycetes","Glomerales","Glomeraceae","Rhizophagus","Rhizophagus irregularis","Rhizophagus","13","Symbiotroph","Arbuscular Mycorrhizal","Highly Probable","NULL","NULL","NULL","Redecker D, et al. 2013. Mycorrhiza 23:515-531"
"OTU2176",2.71009633866047,2.66551784331371,8,2,21.81,0.004,11.78,2.66551784331371,2.66551784331371,2.71009633866047,2.75467483400722,2.75467483400722,0.978,0.976,10.5202113397948,2,"z+","CD","Glomeromycota","Glomeromycetes","Glomerales","Glomeraceae","Rhizophagus","Rhizophagus irregularis","Rhizophagus","13","Symbiotroph","Arbuscular Mycorrhizal","Highly Probable","NULL","NULL","NULL","Redecker D, et al. 2013. Mycorrhiza 23:515-531"
"OTU294",3.13926311370494,1.64851223756658,40,2,37.45,0.004,11.84,1.4336355647558,1.4336355647558,1.54107390116119,1.64851223756658,1.64851223756658,1,1,11.6353724801921,2,"z+","CD","Glomeromycota","Glomeromycetes","Glomerales","Glomeraceae","Glomus","Glomus cubense","Glomeraceae","9","Symbiotroph","Arbuscular Mycorrhizal","Highly Probable","NULL","NULL","NULL","Redecker D, et al. 2013. Mycorrhiza 23:515-531"
"OTU1237",2.75467483400722,2.75467483400722,10,2,28.27,0.004,12.15,2.34037192278581,2.66551784331371,2.71009633866047,2.75467483400722,2.75467483400722,0.996,0.992,11.5135577458667,2,"z+","CD","Glomeromycota","Glomeromycetes","Diversisporales","Diversisporaceae","Diversispora",NA,"Diversispora","13","Symbiotroph","Arbuscular Mycorrhizal","Highly Probable","NULL","NULL","NULL","Redecker D, et al. 2013. Mycorrhiza 23:515-531"
"OTU848",2.75467483400722,2.75467483400722,6,2,23.06,0.004,12.86,2.66551784331371,2.66551784331371,2.71009633866047,2.75467483400722,2.75467483400722,0.984,0.956,10.2915204791718,2,"z+","CD","Glomeromycota","Archaeosporomycetes","Archaeosporales","Archaeosporaceae","Archaeospora",NA,"Archaeospora","13","Symbiotroph","Arbuscular Mycorrhizal","Highly Probable","NULL","NULL","NULL","Redecker D, et al. 2013. Mycorrhiza 23:515-531"
"OTU1786",2.71009633866047,2.66551784331371,12,2,33.81,0.004,14.54,2.66551784331371,2.66551784331371,2.66551784331371,2.75467483400722,2.75467483400722,1,1,15.286421978409,2,"z+","CD","Glomeromycota","Glomeromycetes","Glomerales","Glomeraceae",NA,NA,"Glomeraceae","9","Symbiotroph","Arbuscular Mycorrhizal","Highly Probable","NULL","NULL","NULL","Redecker D, et al. 2013. Mycorrhiza 23:515-531"
"OTU793",2.71009633866047,2.66551784331371,8,2,28.57,0.004,14.96,2.66551784331371,2.66551784331371,2.66551784331371,2.75467483400722,2.75467483400722,1,1,15.3309531457797,2,"z+","CD","Glomeromycota","Glomeromycetes","Glomerales","Claroideoglomeraceae","Claroideoglomus","Claroideoglomus luteum","Claroideoglomus","13","Symbiotroph","Arbuscular Mycorrhizal","Highly Probable","NULL","NULL","NULL","Tedersoo L, et al. 2014. Science 346:1256688"
"OTU714",2.75467483400722,2.75467483400722,8,2,33.33,0.004,15.93,2.66551784331371,2.66551784331371,2.71009633866047,2.75467483400722,2.75467483400722,0.998,0.992,15.5610523788008,2,"z+","CD","Glomeromycota","Glomeromycetes","Glomerales","Claroideoglomeraceae","Claroideoglomus","Claroideoglomus claroideum","Claroideoglomus","13","Symbiotroph","Arbuscular Mycorrhizal","Highly Probable","NULL","NULL","NULL","Tedersoo L, et al. 2014. Science 346:1256688"
"OTU1084",2.75467483400722,2.75467483400722,10,2,36.43,0.004,16.75,2.66551784331371,2.66551784331371,2.66551784331371,2.75467483400722,2.75467483400722,1,1,14.9333056086472,2,"z+","CD","Glomeromycota","Glomeromycetes","Glomerales","Glomeraceae","Glomus",NA,"Glomeraceae","9","Symbiotroph","Arbuscular Mycorrhizal","Highly Probable","NULL","NULL","NULL","Redecker D, et al. 2013. Mycorrhiza 23:515-531"
"OTU1487",2.71009633866047,2.66551784331371,9,2,34.62,0.004,17.14,2.66551784331371,2.66551784331371,2.66551784331371,2.75467483400722,2.75467483400722,1,1,16.4468122299345,2,"z+","CD","Glomeromycota","Glomeromycetes","Glomerales","Glomeraceae","Rhizophagus",NA,"Rhizophagus","13","Symbiotroph","Arbuscular Mycorrhizal","Highly Probable","NULL","NULL","NULL","Redecker D, et al. 2013. Mycorrhiza 23:515-531"
